STATE,H_OR_S,DISTRICT,NAME,PARTY_R,YES,PERCENT_RURAL,MEAN_INCOME,PERCENT_PRIVATE,PERCENT_21_FBLA,PERCENT_21_FBA,PERCENT_21_W,PERCENT_21_B,PERCENT_21_H,CHANGE_FBLA,CHANGE_FBA,CHANGE_HISP,CHANGE_A,,,,,,
AR,S,1,Gilmore,1,1,70.6,127247,16.19,3.66,5.52,71.54,2.63,9.99,3.17,5.17,8.16,6.63,,,,,,
AR,S,2,Stone,1,1,60.76,89369,18.49,3.13,0.99,79.14,0.67,8.13,0.55,0.7,2.27,1.61,,,,,,
AR,S,3,Crowell,1,1,65.48,86220,9.93,15.59,0.91,56.66,1.2,31.52,13.71,0.17,26.89,0.59,,,,,,
AR,S,4,Hickey,1,0,63.29,75592,7.8,1.65,2.08,77.77,5.44,7.03,-3.42,1.3,-2.74,1.13,,,,,,
AR,S,5,Rice,1,1,92.73,68636,12.73,2.01,0.5,85.8,0.63,6.29,1.18,0.37,4.13,0.53,,,,,,
AR,S,6,McKee,1,1,31.98,58606,12.72,5.04,0.87,81.83,1.46,11.15,2.86,-0.68,5.7,-0.2,,,,,,
AR,S,7,Clark,1,1,71.8,88322,9.95,13.51,1.8,50.4,2.86,32.18,11.58,-0.41,27.21,0.57,,,,,,
AR,S,8,Flowers,0,0,44.86,81814,14.95,2.96,2.48,74.63,5.33,9.67,-8.11,1.72,-10.87,3.06,,,,,,
AR,S,9,Murdock,0,0,35.95,61073,8.93,7.39,2.32,67.85,5.03,17.68,2.83,-0.42,7.5,-0.52,,,,,,
AR,S,11,Hill,1,1,41.95,63285,7.66,3.9,0.17,64.77,20.88,9.9,3.42,0.13,8.12,0.18,,,,,,
AR,S,12,Chesterfield,0,0,16.7,63405,10.26,0.68,0.18,65.15,29.86,2.65,-1.24,-0.22,-1.41,-0.03,,,,,,
AR,S,13,English,1,1,6.46,69255,8.13,1.04,0.18,83.8,8.56,4.17,-7.35,-3.09,-11.98,-4.54,,,,,,
AR,S,14,Tucker,0,0,0.18,69463,8.61,1.93,0.95,82.54,7.47,5.46,-0.1,-0.05,1.11,-0.37,,,,,,
AR,S,15,Love,0,0,3.05,93448,16.99,0.98,0.55,84.03,8.48,3.69,-0.02,0.27,0.64,0.12,,,,,,
AR,S,16,Hammer,1,1,18.05,64934,6.42,3.83,1.07,84.07,1.93,9.39,3.28,0.95,7.37,0.82,,,,,,
AR,S,17,Johnson,1,1,18.72,61678,8.12,0.5,0.48,92.87,0.38,2.65,-0.26,0.27,0.56,0.2,,,,,,
AR,S,18,Dismang,1,1,58.91,58231,11.28,0.37,0.36,92.86,0.3,2,-0.46,0.22,-0.17,0.23,,,,,,
AR,S,19,Wallace,1,1,63.32,59553,6.47,1.25,0.43,88.82,1.32,4.23,-0.78,-0.11,-0.88,-0.22,,,,,,
AR,S,20,Sullivan,1,1,17.89,60242,9.11,0.28,0.2,92.22,1.69,2.15,-6.31,0.02,-10.61,0.02,,,,,,
AR,S,21,Johnson,1,1,56.14,75999,7.64,2.04,1.17,71.04,17.77,5.58,0.51,1.03,1.87,0.89,,,,,,
AR,S,22,Payton,1,1,80.31,60897,5.78,1.12,0.15,70.52,20.8,4.19,-0.2,-1.65,0.65,-1.66,,,,,,
AR,S,23,Flippo,1,1,79.13,60890,7.47,1.33,0.38,70.64,20.22,3.55,0.93,-0.24,1.77,-0.81,,,,,,
AR,S,24,Irvin,1,1,98.89,56566,7.64,0.85,0.37,36.78,55.4,2.84,-1.47,0.1,-2.26,0.19,,,,,,
AR,S,25,Davis,1,1,56.62,55519,15.1,1.1,0.5,36.02,57.88,3.2,0.12,0.2,0.58,0.4,,,,,,
AR,S,26,Stubblefield,1,1,68.5,61416,10.82,2.53,0.05,63.83,28.13,6.23,1.54,-0.4,3.49,-0.45,,,,,,
AR,S,27,Boyd,1,1,1.55,67038,8.07,1.03,0.65,60.46,34.09,3.03,0.09,0.36,0.07,-0.3,,,,,,
AR,S,28,King,1,0,77.7,64618,28.56,1.62,0.58,76.98,15.04,4.42,0.74,0.08,1.74,-0.02,,,,,,
AR,S,29,Petty,1,1,62.56,81064,9.87,0.87,0.57,87.36,3.45,4.1,-0.51,-0.33,-0.05,0.32,,,,,,
AR,S,30,Leging,0,0,3.81,50801,11.12,1.89,0.72,32.86,57.87,5.91,-0.05,-0.33,1.8,-0.22,,,,,,
AR,S,31,Penzo,1,1,6.89,55702,11.1,6.03,1.26,21.88,61.44,12.22,4.04,-0.24,7.73,0.37,,,,,,
AR,S,32,Bryant,1,1,38.21,108073,28.25,1.47,3.7,70.37,19.1,3.29,0,-0.09,0.63,-0.16,,,,,,
AR,S,33,Hester,1,1,14.24,97842,15.2,2.08,1.75,79.03,10.11,5.64,-5.65,1.31,-5.77,1.46,,,,,,
AR,S,34,Dotson,1,1,11.8,81391,18.76,2.43,1.12,61.09,27.83,5.86,0.01,0.9,1.13,1.06,,,,,,
AR,S,35,Dees,1,1,48.41,73141,14.69,1.73,1.44,74.41,15.73,4.48,-11.81,-0.02,-20.87,-0.56,,,,,,
AR,H,1,Wooldridge,1,1,99.69,62297,8.32,1.42,0.14,56.76,36.7,3.5,0.46,-0.16,0.36,-0.61,,,,,,
AR,H,2,Steimel,1,1,76.81,73271,8.74,0.97,0.22,77.95,15.07,3.93,0.2,0.22,2.08,0.12,,,,,,
AR,H,3,Painter,1,1,49.21,55451,7.87,4.06,0.09,56.66,31.34,9.36,-0.3,0.06,-0.73,0.1,,,,,,
AR,H,4,Fortner,1,1,93.44,65141,5.31,8.51,0.15,62.16,10.68,20.65,7.45,-0.56,18.62,-0.48,,,,,,
AR,H,5,McNair,1,1,54.83,46576,5.35,0.49,0.03,42.92,53.67,1.51,-0.01,-0.19,0.14,0.15,,,,,,
AR,H,6,Breaux,1,1,82.88,70924,9.62,0.63,0.36,69.81,24.43,3.58,-1.43,-0.32,0.06,-0.4,,,,,,
AR,H,7,McKenzie,1,1,52.82,59349,6.71,1.58,0.7,54.69,39.28,4.4,1.01,0.66,1.79,0.52,,,,,,
AR,H,8,McCollum,1,1,27.99,56865,13.7,3.98,0.02,59.99,29.61,8.03,1.03,0.02,1.91,0.05,,,,,,
AR,H,9,Hodges,1,1,5.03,63304,11.07,1.28,0.04,65.55,28.33,4.55,-0.43,-0.1,0.02,-0.05,,,,,,
AR,H,10,McAlindon,1,1,6.03,76826,10.82,0.79,0.05,86.15,10.25,1.75,0.12,-0.46,-0.18,-0.51,,,,,,
AR,H,11,Burkes,1,1,13.26,52424,11.21,2.48,0.2,43.71,48.73,6.24,1.23,0.2,3.57,0.26,,,,,,
AR,H,12,Duke,1,0,49.85,51327,12.45,0.65,0,41,55.65,2.6,-1.1,-0.09,-1.56,-0.09,,,,,,
AR,H,13,Richardson,1,1,0.76,67264,11.51,0.48,0.09,74.85,19.12,2.88,0.38,0.09,1.6,0.21,,,,,,
AR,H,14,Hodges,1,1,14.65,71034,11.07,1.64,0.02,69.49,23.03,3.54,0.48,-0.6,1.68,-0.63,,,,,,
AR,H,15,Carr,1,1,0,79231,8.39,1.09,0.49,86.7,4.59,3.89,0.48,0.32,1.77,0.41,,,,,,
AR,H,16,Underwood,1,1,20.98,58250,6.59,0.98,1.27,31.22,62.94,1.99,0.47,0.69,0.43,-0.13,,,,,,
AR,H,17,Haak,1,1,40.27,46341,20.26,0.44,0.53,18.66,76.2,1.8,-0.03,0.41,-0.31,0.97,,,,,,
AR,H,18,Lundstrum,1,1,24.27,62212,9.49,0.72,0.26,74.79,18.54,3.91,0.71,-0.85,2.82,-1.15,,,,,,
AR,H,19,Unger,1,1,3.32,61072,8.46,4.93,0.36,73.62,12.95,10.37,3.91,0.18,7.76,0.18,,,,,,
AR,H,20,Garner,0,0,9.22,63149,8.17,2.54,0.33,88.57,0.34,5.74,1.6,-0.07,2.46,-0.14,,,,,,
AR,H,21,Clowney,0,0,1.48,64844,7.42,1.93,0.85,85.09,1.84,5.8,-10.08,0.48,-16.62,1.41,,,,,,
AR,H,22,Whitaker,0,0,12.81,69921,8.11,0.41,0.36,92.24,2.12,2.58,-1.87,0.29,-2.19,0.28,,,,,,
AR,H,23,Moore,1,1,68.29,89017,8.38,0.86,1.48,85.53,5.72,3.73,-2.12,1.39,-1.96,2.07,,,,,,
AR,H,24,Fite,1,1,73.53,71746,10.26,3.25,0.59,81.14,7.23,7.12,-0.28,-0.21,-0.84,-0.54,,,,,,
AR,H,25,Puryear,1,1,96.42,58829,8.37,3.26,1.53,67.24,17.28,9.14,1.63,0.62,4.67,-0.19,,,,,,
AR,H,26,Berry,1,1,100,68111,6.05,0.6,0.2,79.82,13.02,4.17,-0.14,0.14,1.34,0.37,,,,,,
AR,H,27,Walker,1,1,100,84330,9.78,2.87,0.88,77.35,11.48,6.7,1.94,0.35,3.19,0.7,,,,,,
AR,H,28,Shultz,1,1,94.9,69230,8.31,1,0.3,82.19,10.02,3.98,-0.42,-0.33,-1.26,-0.77,,,,,,
AR,H,29,McClure,1,1,70.87,51082,14.76,9.15,0.26,16.98,60.24,19.75,8.35,-0.35,17.5,-0.77,,,,,,
AR,H,30,Cavenaugh,1,1,61.14,65822,13.62,4.49,0.81,26.9,59.2,9.38,4.07,0.58,7.55,1.28,,,,,,
AR,H,31,Gazaway,1,1,19.41,138075,25.23,1.94,1.84,82.35,9.54,4.38,0.41,-0.15,1.13,-0.19,,,,,,
AR,H,32,Ladyman,1,1,5.21,137121,43.35,1.26,6.7,69.02,17.6,2.71,-1.18,0.48,-0.85,2.05,,,,,,
AR,H,33,Milligan,1,1,81.59,87525,19.06,1.21,3.76,66.78,24.3,3,-3.12,2.92,-5.06,2.26,,,,,,
AR,H,34,Carr,1,1,26.46,52176,14.6,1.53,1.21,29.85,60.97,4.89,-0.95,-0.35,1.08,-0.2,,,,,,
AR,H,35,Nicks,0,0,24.17,114923,23.9,1.65,2.99,70.88,17.42,3.71,-8.66,2.73,-10.7,3.02,,,,,,
AR,H,36,Rye,1,1,23.64,57958,12.02,4.86,0.29,29.25,57.74,10.71,-2.73,0.29,-0.24,0.37,,,,,,
AR,H,37,Hollowell,1,1,64.15,43716,8.06,1.94,1.05,27.36,64.05,3.99,0.54,-1.6,1.28,-2.15,,,,,,
AR,H,38,Tosh,1,1,48.94,93065,22.19,3.53,1,67.27,19.58,8.2,2.57,-1.18,6.15,-0.9,,,,,,
AR,H,39,Long,1,1,76.14,82352,22.45,1.23,1.07,59.1,30.17,5.12,0.39,0.99,2.43,1.28,,,,,,
AR,H,40,Pearce,1,1,65.74,75209,12.27,1.23,0.62,83.12,8.02,3.52,0.21,-1.92,1.87,-1.01,,,,,,
AR,H,41,Miller,1,1,77.67,82697,15.03,1.59,1.26,62.58,29.5,3.05,-3.01,0.17,-5.32,0.31,,,,,,
AR,H,42,Meeks,1,1,100,58138,9.67,1.48,0.91,48.71,41.22,6.56,0.33,0.62,2.89,0.64,,,,,,
AR,H,43,Beck,1,1,78.91,83551,7.07,1.51,0.45,86.28,2.78,5.71,0.42,-0.78,2,-0.56,,,,,,
AR,H,44,Berry,1,1,91.34,75806,10.66,0.66,0.69,91.24,1.57,3.64,-0.59,-1.36,-2.14,-1.13,,,,,,
AR,H,45,Pilkington,1,1,74.49,72393,9.17,1.69,0.62,89.65,1.77,4.79,-2.78,-0.5,-2.46,-0.58,,,,,,
AR,H,46,Eubanks,1,1,100,66266,52.31,2.08,0.91,79.72,9.95,6.04,1.75,-0.9,3.64,-0.95,,,,,,
AR,H,47,Johnson,1,1,64.71,55580,6.01,0.24,0.09,77.63,13.77,2.76,-0.28,-0.25,0.83,-0.27,,,,,,
AR,H,48,Rose,1,1,12.1,53134,10.69,2.96,0.14,35.29,57.07,5.53,1.99,-0.47,1.82,-0.72,,,,,,
AR,H,49,Richardson,0,0,1.77,57768,8.73,0.42,0.99,60.43,32.37,2.12,-0.24,0.99,-0.32,0.05,,,,,,
AR,H,50,Gramlich,1,1,0,58376,8.54,0.37,0.39,38.08,51.01,2.4,-1.96,-0.1,-2.25,-0.13,,,,,,
AR,H,51,Crawford,1,1,2.58,68104,8.91,1.18,0.64,51.68,39.19,2.69,0.58,0.25,0.71,0.44,,,,,,
AR,H,52,Richmond,1,1,86.86,61638,8.42,1.43,0.01,86.13,4.7,3.3,0.28,-0.22,-0.77,-0.09,,,,,,
AR,H,53,Duffield,1,1,13.32,77637,8.59,0.83,0.35,81.83,9.06,3.93,-0.78,0.29,0.34,0.05,,,,,,
AR,H,54,Bentley,1,1,70.49,66040,5.15,0.73,0.3,81.78,8.88,4.03,0.62,0.23,3.82,0.44,,,,,,
AR,H,55,Brown,1,1,1.64,55316,4.55,1.68,0.1,39.68,52.04,4.94,0.48,-0.16,1.76,-0.17,,,,,,
AR,H,56,Magie,0,0,17.78,57144,6.79,0.19,0.03,94.96,0.33,1.03,-0.24,-0.04,-1.17,-0.06,,,,,,
AR,H,57,Cooper,1,1,100,61702,7.92,0.45,0.4,89.88,3.46,2.98,0.33,0.16,1.81,0.15,,,,,,
AR,H,58,Eaves,1,1,19.33,84052,9.28,1.68,1.78,72.86,15.29,5.24,0.98,1.65,2.39,1.97,,,,,,
AR,H,59,Wooten,1,0,43.84,62434,4.44,2.77,1.24,64.08,24.7,6.52,1.69,1.14,4.35,1.05,,,,,,
AR,H,60,Lynch,1,1,100,57760,11.82,0.54,0.11,92.2,0.8,2.8,-0.63,0.08,0.12,0.12,,,,,,
AR,H,61,Moore,1,1,73.39,54423,6.99,0.2,0.55,92.19,0.72,1.24,-9.24,-0.11,-13.39,-0.62,,,,,,
AR,H,62,McElroy,1,1,70.98,53764,4.5,0.51,0.27,90.16,1,2.7,-0.84,-1.31,-1.91,-2.25,,,,,,
AR,H,63,"Ferguson, D",0,0,30.48,67464,7.67,2.39,0.63,84.42,2.32,7.69,-0.77,-2.98,0.89,-3.7,,,,,,
AR,H,64,"Ferguson, K",0,0,29.95,61394,17.13,0.25,0.19,92.94,0.25,1.91,-4.17,-1.3,-6.6,-1.87,,,,,,
AR,H,65,Flowers,0,0,20.72,64976,11.69,1.65,0.39,83.4,8.57,4.15,-14.86,-5.2,-27.06,-8.54,,,,,,
AR,H,66,Perry,0,0,19.17,68208,8.7,0.62,0.3,92.13,1.52,2.6,-3.99,-1.16,-6.65,-1.64,,,,,,
AR,H,67,Brown,1,1,1.93,85624,6.33,0.98,0.08,89.56,3.91,3.83,0.43,-0.97,0.99,-0.98,,,,,,
AR,H,68,Evans,1,1,18.43,69783,10.22,0.91,0.27,92.29,0.34,4.38,-3.19,-0.88,-6.28,-1.29,,,,,,
AR,H,69,Ray,1,1,55.46,60596,17.93,7.65,1.45,79.42,1.46,13.39,2.72,1.02,3.86,2.04,,,,,,
AR,H,70,Wing,1,1,3.89,79970,16.52,0.98,3.07,74.37,15.23,2.67,0.41,2.93,1.18,3.36,,,,,,
AR,H,71,Achor,1,1,6.91,60600,3.87,6.41,2.65,73.7,4.69,14.77,6.12,2.23,13.87,1.92,,,,,,
AR,H,72,Scott,0,0,0.3,57752,19.29,2.82,0.78,66.02,22.46,6.54,-1.3,-0.19,-0.27,-0.25,,,,,,
AR,H,73,Collins,0,0,2.44,65463,5.59,7.18,0.44,78.88,1.9,16.13,6.8,0.41,15.24,0.95,,,,,,
AR,H,74,McCullough,0,0,0,61331,13.76,0.43,0.48,89.11,1.47,3.07,-1.94,-0.96,-1.76,-0.29,,,,,,
AR,H,75,Hudson,0,0,1.59,69363,10.65,1.04,0.83,90.39,0.63,5.33,-1,-0.29,1.25,-0.75,,,,,,
AR,H,76,Springer,0,0,0.01,98519,16.51,3.81,3.46,69.52,8.05,8.99,2.37,3.12,4.96,5.43,,,,,,
AR,H,77,Allen,0,0,4.83,76729,18.95,2.12,2.78,71.81,6.45,10.08,0.74,2.29,6.34,4,,,,,,
AR,H,78,Brooks,1,1,63.15,44569,8.86,16.51,4.62,38.08,10.6,38.36,15.68,4.62,35.78,6.86,,,,,,
AR,H,79,Shephard,0,0,2.97,67036,7.18,5.04,1.23,77.12,2.15,11.94,4.86,1.12,10.66,2.16,,,,,,
AR,H,80,Ennett,0,0,37.44,76020,9.23,2.55,1.39,83.27,1.39,5.33,2.28,1.16,3.96,2.37,,,,,,
AR,H,81,Hawk,1,1,16.09,71773,9.26,0.93,0.3,89.54,0.88,3.89,0.5,-0.02,2.12,-0.13,,,,,,
AR,H,82,Furman,1,1,9.22,57596,13.54,0.81,0.2,87.9,0.55,4.31,0.58,-0.08,2.89,-0.18,,,,,,
AR,H,83,Fite,1,1,25.71,61003,11.47,0.16,0.11,94.42,0.17,1.4,-0.39,-0.5,-1.34,-0.86,,,,,,
AR,H,84,Warren,1,1,26.5,98524,22.23,0.95,2.24,82.86,2.36,5.85,0.79,1.53,3.65,1.72,,,,,,
AR,H,85,McGrew,1,1,55.58,79606,7.32,1.16,1.27,80.22,4.53,7.44,0.67,1.06,5.37,1.27,,,,,,
AR,H,86,Maddox,1,1,81.51,64174,4.15,2.62,2.84,72.49,7.48,7.51,2.34,2.36,6.24,2.62,,,,,,
AR,H,87,Vaught,1,1,79.81,85682,21,8.54,1.54,63.04,1.06,19.83,8,1.02,17.66,1.73,,,,,,
AR,H,88,Watson,1,1,70.07,83176,13.78,13.9,2.19,50.44,2.81,32.9,10.93,1.34,26.46,3.17,,,,,,
AR,H,89,Gonzales,1,1,100,68746,4.37,19.96,1.6,27.38,3.27,50.03,16.96,-0.09,43.36,0.34,,,,,,
AR,H,90,Womack,1,1,58.65,117368,15.53,9.91,2.03,64.38,1.76,22.48,9.04,1.9,19.53,2.49,,,,,,
AR,H,91,Cozart,1,1,4.08,119385,17.9,2.91,1.79,76.48,2.82,8.29,-3.09,1.19,-3.26,2.19,,,,,,
AR,H,92,Mayberry,1,0,84.37,123650,16.47,1.18,1.11,84.68,1.72,4.68,-0.59,-2.46,-0.35,-2.56,,,,,,
AR,H,93,Holcomb,1,1,79.26,122709,14.04,3.79,10.2,66.29,2.57,9.52,-9.91,7.83,-17.2,9.6,,,,,,
AR,H,94,Wardlaw,1,1,55.69,72682,9.83,17.86,3.74,50.39,1.63,32.82,-5.49,2.36,-8.87,3.12,,,,,,
AR,H,95,Beaty,1,1,75.46,100770,14.18,5.86,0.55,76.72,1.36,12.37,-5.56,0.21,-9.18,0.56,,,,,,
AR,H,96,Barker,1,1,99.38,89598,6.93,13.92,0.55,58.14,0.55,31.82,-3.77,-0.13,2.59,0.24,,,,,,
AR,H,97,Shepherd,1,1,38.51,82499,11.02,4.74,0.92,78.03,1.7,10.33,-0.28,-0.11,-1.29,-0.54,,,,,,
AR,H,98,Andrews,1,1,57.46,60081,8.51,3.26,0.86,84.66,0.33,9.88,2.05,0.22,5.58,0.09,,,,,,
AR,H,99,Jean,1,1,75.14,54793,5.5,0.34,0.47,93.3,0.62,2.09,-3.87,-3.91,-6.14,-5.21,,,,,,
AR,H,100,Dalby,1,1,16.04,61497,9.55,0.69,0.3,92.21,0.22,2.82,-2.52,-2.06,-7.15,-4.21,,,,,,
GA,S,1,Watson,1,1,22.63,99156,22.8,2.68,2.01,61.15,23.37,8.16,0.8,-0.17,2.55,-0.17,,,,,,
GA,S,2,Jackson,0,0,0.86,71603,24.41,2.75,2.24,36.3,52.29,6.79,-0.94,0.7,1.16,0.87,,,,,,
GA,S,3,McNeill,1,1,39.93,77696,11.89,2.61,1.21,67.2,22.06,6.19,0.4,0.55,0.93,0.6,,,,,,
GA,S,5,Rahman,0,0,0,68592,9.57,22.38,8.41,17.54,30.31,40.72,-9.66,-0.66,-5.98,-0.67,,,,,,
GA,S,7,Harper,1,0,0,57414,8.18,2.96,0.49,65.8,24.05,7.92,-1.01,-0.1,0.42,0.12,,,,,,
GA,S,8,Goodman,1,0,51.04,63473,8.06,1.68,0.99,56.08,33.59,6.53,-0.54,0.07,2,0.06,,,,,,
GA,S,9,Merrit,0,0,0.02,114408,14.59,7.4,6.77,45,28.56,12.71,-2.85,1.1,-1.41,2.57,,,,,,
GA,S,10,Jones,0,0,4.39,79332,15.71,4.39,1.6,17.93,71.04,5.13,0.87,0.63,1.61,1.65,,,,,,
GA,S,12,Sims,0,0,49.3,55026,10.28,2.1,0.67,29.03,63.84,3.89,1.05,0.09,1.76,0.57,,,,,,
GA,S,13,Summers,1,0,57.66,68780,11.22,2.37,0.86,58.89,32.06,6.07,0.62,0.12,1.89,0.07,,,,,,
GA,S,14,Thompson,1,1,0,91634,15.6,6.17,1.67,70.64,11.41,12.46,3.75,0.66,8.03,0.74,,,,,,
GA,S,15,Harbison,0,0,22.32,56336,9.37,1.53,0.98,32.38,56,6.57,-0.89,0.11,-0.19,-0.01,,,,,,
GA,S,16,Harbin,1,1,39.12,107338,15.5,2.23,2.22,66.51,21.27,5.25,-0.07,0.88,0.56,1.25,,,,,,
GA,S,17,Strickland,1,1,50.39,92580,14.13,3.84,1.41,48.4,39.84,6.63,0.32,0.46,2.06,0.5,,,,,,
GA,S,18,Kennedy,1,1,39.32,82498,19.96,1.46,1.17,59.63,31.72,4.67,-0.4,-0.34,0.27,-0.23,,,,,,
GA,S,20,Walker,1,0,51.52,82674,10.7,1.81,1.82,58.21,31.32,5,0.05,1.12,1.72,1.44,,,,,,
GA,S,21,Beach,1,0,24.01,143577,18.68,3.75,6.5,74.31,6.95,7.96,-0.94,3.94,0.02,4.95,,,,,,
GA,S,22,Jones,0,0,3.71,62219,14.68,1.28,1.25,29.08,60.31,5.05,-0.12,-0.05,1.29,-0.03,,,,,,
GA,S,23,Burns,1,1,61.88,68031,15,1.59,0.91,56.85,34.57,4.95,0.51,0.24,1.71,0.26,,,,,,
GA,S,24,Anderson,1,1,49.49,90937,13.64,1.63,2.32,67.14,19.97,5.76,0.05,0.16,1.69,0.21,,,,,,
GA,S,25,Jones,1,1,58.97,82675,15.07,1.64,0.74,63.4,29.34,3.91,-0.25,0.18,0.96,0.21,,,,,,
GA,S,26,Lucas,0,0,28.23,50875,16.16,1.1,0.46,33.6,60.29,2.89,-0.78,-0.47,-0.15,-0.38,,,,,,
GA,S,27,Dolezal,1,1,10.2,145989,16.81,4.89,11.25,67.82,3.81,9.47,-0.7,8,-0.16,11.24,,,,,,
GA,S,28,Brass,1,1,49.51,97467,17.32,3.3,1.43,72.47,16.65,6.37,0.34,0.77,1.06,0.91,,,,,,
GA,S,29,Robertson,1,1,48.99,82897,14.89,1.91,1.8,59.26,29.05,6.23,0.46,0.12,2.4,0.44,,,,,,
GA,S,30,Dugan,1,0,52.33,83558,10.58,3.91,0.86,65.16,23.44,6.77,0.08,-0.07,0.66,-0.08,,,,,,
GA,S,31,Anavitarte,1,0,25.52,84179,10.41,3.67,0.91,72.01,15.53,8.07,-0.17,0.41,0.83,0.23,,,,,,
GA,S,32,Kirkpatrick,1,1,1.73,158356,21.53,4.2,7.82,70.56,8.87,7.13,0,1.07,0.6,1.93,,,,,,
GA,S,33,Rhett,0,0,0,87001,11.26,11.96,2.23,33.49,41.39,19.66,-1.84,0.06,0.22,0.5,,,,,,
GA,S,34,Seay,0,0,2.33,64454,14.1,7.05,2.6,12.77,68.97,12.99,1.09,0.1,5.13,-0.02,,,,,,
GA,S,35,James,0,0,3.09,78665,12.63,5.23,0.67,17.99,70.93,8.38,-0.06,-0.12,1.32,-0.15,,,,,,
GA,S,36,Orrock,0,0,0,95161,22,3.54,2.06,33.07,53.07,6.9,-1.15,-0.2,-0.09,0.77,,,,,,
GA,S,37,Tippins,1,0,1.74,120810,15.53,5.8,3.57,61.01,20.71,10.18,0.72,0.65,2.34,0.73,,,,,,
GA,S,38,Tate,0,0,0,96691,19.68,5.79,1.95,22.36,62.81,9.78,1.32,0.41,3.36,0.94,,,,,,
GA,S,39,Halpern,0,0,0,98574,20.31,2.52,4.05,27.58,59.67,4.87,-0.71,0.38,-2,0.71,,,,,,
GA,S,40,Harrell,0,0,0,129989,29.61,8.55,8.71,52.25,16.71,16.89,-4.01,0.35,-0.33,0.6,,,,,,
GA,S,41,Jackson,0,0,0,75252,11.04,8.75,10.56,18.98,50.17,15.07,-2.02,2.93,-0.47,3.16,,,,,,
GA,S,42,Parent,0,0,0,130664,34.75,6.21,5.36,53.84,22.31,12.43,-1.29,1.14,1.2,1.24,,,,,,
GA,S,43,Anderson,0,0,10.69,74946,11.95,6.87,0.92,22.03,65.71,7.44,-0.23,-0.12,1.85,-0.02,,,,,,
GA,S,44,Davenport,0,0,0.82,78489,13.16,5.54,3.37,12.62,70.15,10.07,-3.9,-2.26,-4.95,-2.39,,,,,,
GA,S,45,Dixon,1,1,5.33,120117,13.72,8.5,8.76,51.11,17.29,16.27,1.17,1.92,4.33,3.53,,,,,,
GA,S,46,Cowsert,1,1,33.35,90048,10.75,3.14,2.42,68.71,18.62,6.6,-1.1,0.14,-0.29,0.08,,,,,,
GA,S,48,Au,0,0,0,123368,17.45,7.3,19.55,39.15,18.14,14.37,1.67,4.02,5.79,4.22,,,,,,
GA,S,49,Miller,1,1,20.78,94756,12.41,13.14,1.48,60.18,7.14,28.06,-0.07,0.19,3.43,0.03,,,,,,
GA,S,50,Hatchett,1,1,78.98,71739,17.09,4.56,1.03,79.59,5.98,10.82,1.47,0.2,4.91,0.42,,,,,,
GA,S,51,Gooch,1,1,85.37,83388,12.47,2,0.59,89.88,1,5.43,0.06,0.28,1.41,0.3,,,,,,
GA,S,54,Payne,1,1,46.57,71931,5.75,11.62,0.88,68.21,2.55,25.48,-0.1,0.06,3.2,0.17,,,,,,
GA,S,55,Butler,0,0,0.01,84433,14.31,8.44,2.77,16.28,70.55,6.99,1.88,-0.85,2.32,-0.39,,,,,,
GA,S,56,Albers,1,1,0,143568,21.75,8.23,7.35,58,15.89,13.13,-1.79,2.71,1.03,3.18,,,,,,
IA,S,1,Witt,1,1,7.48,77212,10.33,1.17,0.66,93,0.38,3.68,-7.06,-2.51,-15.08,-3.71,,,,,,
IA,S,2,Taylor,1,1,59.63,83754,34.51,3.15,0.44,88.46,0.88,8.47,0.37,0.02,3.32,-0.19,,,,,,
IA,S,3,Evans,1,0,48.79,89594,15.36,2.23,0.48,86.9,2.28,7.46,0.92,0.1,4.57,0.39,,,,,,
IA,S,4,Kraayenbrink,1,1,61.3,72494,10.7,2.14,0.61,89.31,0.88,7.08,1.03,0.28,4.37,0.33,,,,,,
IA,S,5,Rowley,1,1,62.17,72393,12.35,1.25,0.76,87.9,3.05,5.22,-0.22,0.05,1.47,-0.01,,,,,,
IA,S,6,Schultz,1,1,63.95,76528,15.34,4.8,2.58,80.75,1.17,11.59,3.42,2.03,7.76,3.23,,,,,,
IA,S,7,Alons,1,1,53.46,70775,18.32,7.88,2.56,61.04,5.05,23.5,7.35,1.79,20.36,2.7,,,,,,
IA,S,8,Costello,1,1,83.24,66697,8.9,3.91,0.92,81.96,2.11,11.77,2.62,0.21,9.32,0.23,,,,,,
IA,S,9,Shipley,1,0,53.22,75676,8.11,4.1,0.62,86.48,1.46,9.36,3.98,0.32,8.31,0.32,,,,,,
IA,S,10,Dawson,1,1,1.35,110311,10.82,2.32,0.89,90.09,0.86,5.64,1.9,-0.8,4.18,-0.68,,,,,,
IA,S,11,Garrett,1,1,44.47,88149,13.67,0.72,0.2,94.37,0.42,2.3,-1.49,-0.53,-3.78,-0.95,,,,,,
IA,S,12,Sinclair,1,1,83.71,76840,7.1,0.9,0.29,92.24,0.63,4.05,0.5,-0.04,2.56,-0.01,,,,,,
IA,S,13,Westrich,1,1,52.48,97762,18.99,0.44,0.45,93.71,0.8,2.93,-0.13,0.13,0.82,0.24,,,,,,
IA,S,14,Garriott,0,0,10.69,74059,15.52,1.4,0.4,91.82,0.95,4.11,1.09,-0.69,2.06,-0.79,,,,,,
IA,S,16,Celsi,0,0,0.86,69943,15.87,5.34,3.29,65.52,10.4,15.08,4.94,3.14,13.55,4.27,,,,,,
IA,S,17,Knox,0,0,0,70773,17.48,5.65,4.61,64.17,7.86,17.19,4.84,3.15,13.89,5.54,,,,,,
IA,S,18,Petersen,0,0,0,70585,23.13,4.57,7.63,59.4,15.79,12.6,3.95,6.21,10.99,7.84,,,,,,
IA,S,19,Rozenboom,1,1,58.31,106459,15.51,0.65,1.29,90.09,2.12,3.22,0.13,-0.43,-0.28,0.17,,,,,,
IA,S,20,Boulton,0,0,3.47,117096,12.13,0.83,3.26,82.21,6.4,4.66,-0.02,3.07,2.04,4.53,,,,,,
IA,S,21,Bousselot,1,1,0.95,105425,27.08,1.82,4.39,78.23,6.84,6.3,1.48,3.81,4.54,4.66,,,,,,
IA,S,22,Zaun,1,1,1.15,114626,17.84,1.96,5.97,80.34,3.29,5.68,-4.25,5.09,-6.78,5.48,,,,,,
IA,S,23,Whitver,1,1,34.95,76147,3.31,1.47,8.84,78.75,3.03,3.67,0.61,1.96,0.22,2.48,,,,,,
IA,S,24,Green,1,1,63.5,83419,10.62,0.91,0.87,92.26,0.99,3.61,-1.62,-0.57,-1.52,-0.53,,,,,,
IA,S,25,Quirmbach,0,0,1.49,84010,7.91,1.01,0.47,93.3,0.89,3.23,-0.17,0.18,0.25,0.14,,,,,,
IA,S,26,Edler,1,1,46.04,76108,15,0.7,0.72,93.94,0.76,2.67,-3.93,-0.8,-6.36,-1.55,,,,,,
IA,S,27,Sweeney,1,1,68.88,75717,11.12,1.12,0.76,89.32,1.66,6.17,-0.43,0.51,1.13,0.72,,,,,,
IA,S,28,Guth,1,1,79.79,75606,29.41,1.43,0.75,93.08,1.14,3.75,-2.39,0.56,-3.39,0.48,,,,,,
IA,S,29,Salmon,1,1,74.39,93088,17.61,0.57,0.46,94.91,0.67,2.34,0.18,0.16,0.88,0.24,,,,,,
IA,S,30,Brown,1,1,46.31,95059,11.04,0.82,2.71,86.73,4.49,2.7,-2.53,-1.03,-3.65,-1.09,,,,,,
IA,S,31,Dotzler,0,0,3,60725,12.59,2.35,1.83,70.12,16.08,7.24,-0.14,-0.58,-0.73,-0.92,,,,,,
IA,S,32,Klimesh,1,1,87.22,83023,21.63,0.37,0.38,94.6,0.84,1.79,-0.7,-1.63,-1.15,-2.34,,,,,,
IA,S,33,Koelker,1,1,80.34,88289,26.35,1.16,2.91,79.82,8.45,4.19,-7.02,-1.93,-12.62,-4.17,,,,,,
IA,S,34,Zumbach,1,1,71.26,101000,13.72,0.61,2.6,88.36,2.11,2.54,-4.57,-0.15,-9.73,-0.55,,,,,,
IA,S,35,Cournoyer,1,1,38.61,79801,12.17,1.06,1.4,79.88,9.26,4.89,0.79,-0.32,3.02,-1.04,,,,,,
IA,S,36,Jochum,0,0,5.67,75844,7,7.41,2.25,72.98,1.3,18.65,7.03,1.62,17.51,2.08,,,,,,
IA,S,37,Donahue,0,0,0.83,104363,10.29,1.38,4.68,78.98,7.26,4.98,1.06,4.45,3.32,5.78,,,,,,
IA,S,38,Giddens,0,0,19.41,83943,18.89,0.44,0.47,93.74,0.7,2.56,-0.11,-0.15,0.63,0.12,,,,,,
IA,S,39,Bennett,0,0,2.52,95004,8.55,1.67,1.27,86.94,2.24,5.45,0.33,-2.95,1.16,-3.5,,,,,,
IA,S,40,Taylor,0,0,1.59,79020,23.96,0.29,1.04,93.44,0.95,2.09,-3.99,0.45,-10.11,0.25,,,,,,
IA,S,41,Gruenhagen,1,1,51.64,71878,20.61,2.6,2.27,83.36,3.68,7.44,1.58,0.9,2.29,0.47,,,,,,
IA,S,42,McClintock,1,0,75.97,70051,17.51,0.78,1.23,89.35,2.61,4.12,0.41,0.84,1.13,1.09,,,,,,
IA,S,43,Wahls,0,0,12.25,74654,6.36,1.9,5.24,77.07,6.91,5.99,0.06,2.99,-0.87,3.21,,,,,,
IA,S,44,Dickney,1,1,51.98,78950,10.53,2.65,1.22,82.04,4.42,9.21,0.58,0.46,3.28,0.79,,,,,,
IA,S,45,Weiner,0,0,0.54,66045,22.29,2.38,1.73,69.96,11.73,10.29,1.19,-0.73,7.18,-0.23,,,,,,
IA,S,46,Driscoll,1,1,77.66,82856,10.32,2.4,0.54,79.31,4.51,12.19,1.32,-0.4,8.95,-0.41,,,,,,
IA,S,47,Webster,1,1,3.69,113290,17.91,0.75,3.39,81.98,4.49,5.14,-2.06,2.92,-0.42,4.03,,,,,,
IA,S,48,Lofgren,1,1,58.47,97179,20.43,0.15,0.66,94.65,0.96,1.68,-1.17,0.3,-1.82,0.37,,,,,,
IA,S,49,Winckler,0,0,7.8,82846,7.83,0.48,0.46,90.75,2.55,3.1,-0.33,0.01,0.97,0.22,,,,,,
IA,S,50,Reichman,1,1,26.63,79107,32.51,0.64,1.48,87.28,4.2,2.35,-2.51,0.91,-6.11,0.99,,,,,,
IA,H,1,Scholten,0,0,2.09,82408,11.94,1.67,0.87,93.23,0.22,3.6,-5.03,-1.69,-12.33,-2.6,,,,,,
IA,H,2,Henderson,1,1,12.87,71861,8.86,0.67,0.45,92.75,0.55,3.76,-9.2,-3.36,-18.04,-4.9,,,,,,
IA,H,3,Jeneary,1,1,46.03,77929,15.57,1.54,0.43,90.86,1.33,5.38,-0.76,0.11,0.44,0.04,,,,,,
IA,H,4,Wheeler,1,1,73.3,90187,47.05,4.63,0.44,86.26,0.46,11.32,1.39,-0.08,5.97,-0.4,,,,,,
IA,H,5,Dieken,1,1,69.17,88645,13.91,1.83,0.33,91.06,1.53,5.44,-0.05,0,1.29,0.08,,,,,,
IA,H,6,Jones,1,1,28.39,90531,16.74,2.62,0.64,82.79,3.01,9.45,1.87,0.22,7.76,0.71,,,,,,
IA,H,7,Sexton,1,1,100,69423,12.56,2.09,0.91,89.41,1.18,6.41,0.6,0.6,3.04,0.78,,,,,,
IA,H,8,Meyer,1,1,22.51,75610,8.7,2.19,0.32,89.21,0.58,7.74,1.45,-0.03,5.67,-0.13,,,,,,
IA,H,9,Stone,1,1,64.99,71115,12.24,1.44,1.09,82.96,5.24,6.91,-1.15,0.39,1.35,0.3,,,,,,
IA,H,10,Wills,1,1,59.34,73663,12.47,1.06,0.43,92.79,0.88,3.55,0.61,-0.3,1.45,-0.33,,,,,,
IA,H,11,Best,1,0,68.27,78676,12.34,8.49,4.66,68.9,2,19.03,7.65,4.1,16.2,6.74,,,,,,
IA,H,12,Holt,1,1,59.6,74533,18.94,1.04,0.46,92.8,0.33,4.02,-0.86,-0.08,-0.77,-0.32,,,,,,
IA,H,13,Carlson,1,1,100,68018,16.89,6.96,2.4,64.41,6.41,20.56,6.21,1.5,15.64,2.49,,,,,,
IA,H,14,Bossman,1,1,7.04,73515,19.75,8.82,2.72,57.62,3.66,26.48,8.49,2.08,25.12,2.92,,,,,,
IA,H,15,Windschitl,1,1,82.24,63745,8.95,5.38,1.08,80.42,1.76,14.1,4.75,0.78,12.85,0.85,,,,,,
IA,H,16,Sieck,1,0,84.23,69561,8.87,2.48,0.76,83.46,2.44,9.49,0.58,-0.34,5.92,-0.36,,,,,,
IA,H,17,Wood,1,1,59.93,73323,7.1,0.61,0.11,93.96,0.47,2.78,0.44,-0.32,1.8,-0.48,,,,,,
IA,H,18,Moore,1,0,46.51,78058,9,7.47,1.12,79.28,2.42,15.68,7.41,0.95,14.55,1.08,,,,,,
IA,H,19,Siegrist,1,0,2.7,136747,12.98,0.42,1.27,93.15,0.49,2.26,0.05,-0.22,0.67,-0.3,,,,,,
IA,H,20,Turek,0,0,0,77961,6.71,5.01,0.36,85.76,1.37,10.43,4.54,-1.51,9.08,-1.26,,,,,,
IA,H,21,Boden,1,1,27.94,73032,12.63,0.94,0.35,94.25,0.58,2.9,-0.73,-0.52,-2.15,-1.04,,,,,,
IA,H,22,Gustafson,1,1,61,103518,14.57,0.51,0.06,94.49,0.27,1.73,-2.24,-0.53,-5.4,-0.84,,,,,,
IA,H,23,Sorensen,1,1,84.04,85486,7.73,0.49,0.19,93.33,0.27,3.56,0.29,-0.07,2.15,-0.18,,,,,,
IA,H,24,Fry,1,1,83.37,68454,6.37,1.32,0.38,91.14,1,4.54,0.73,-0.02,2.96,0.16,,,,,,
IA,H,25,Wilz,1,1,21.75,103831,11.4,0.29,0.3,94.16,0.95,2.49,0.02,0.26,1.49,0.46,,,,,,
IA,H,26,Harris,1,1,83.41,91079,26.86,0.59,0.61,93.22,0.64,3.4,-0.28,0.01,0.17,0.03,,,,,,
IA,H,27,Judge,0,0,2.63,69122,16.68,2.6,0.33,89.42,0.6,6.76,2.52,-0.46,5.35,-0.56,,,,,,
IA,H,28,Young,1,1,18.63,78732,14.26,0.25,0.48,94.09,1.28,1.61,-0.29,-0.91,-1.06,-1.02,,,,,,
IA,H,29,Meyer,0,0,1.08,80309,10.43,0.55,0.56,92.91,1.44,2.74,0.48,-0.53,1.61,-0.5,,,,,,
IA,H,30,Srinivas,0,0,1.01,106674,12.07,0.73,0.7,91.02,3.35,3.13,-1.33,-5.78,-1.06,-7.02,,,,,,
IA,H,31,Madison,0,0,1.72,78954,15.19,3.38,1.58,77.8,6.36,10.05,3.17,1.4,8.85,2.83,,,,,,
IA,H,32,Konfrst,0,0,0,60819,16.48,7.24,4.95,53.61,14.32,19.96,6.64,4.83,18.07,5.66,,,,,,
IA,H,33,Gaines,0,0,0,73840,15.26,7.02,6.46,58.74,6.15,19.94,5.66,4.74,16.14,9.56,,,,,,
IA,H,34,Samad,0,0,0,68340,20.16,4.31,2.79,69.54,9.54,14.47,4.1,1.62,11.73,1.57,,,,,,
IA,H,35,Bagniewski,0,0,0,53715,24.07,6.64,10.89,42.21,22.65,19.26,6.13,9.58,18.25,11.58,,,,,,
IA,H,36,Baeth,0,0,0,83903,21.62,2.55,4.45,76.19,9.09,6.08,1.82,2.92,3.9,4.19,,,,,,
IA,H,37,McCulla,1,1,66.62,111771,16.73,0.18,1.54,93.23,1.23,1.7,-0.28,-1.02,-2.78,-0.69,,,,,,
IA,H,38,Dunwell,1,1,50.02,99648,13.97,1.26,0.98,86.13,3.26,5.14,0.68,0.17,2.7,1,,,,,,
IA,H,39,Olson,0,0,2.55,126330,10.49,0.5,3.03,84.49,6.05,3.58,-0.06,2.87,2.33,4.1,,,,,,
IA,H,40,Gustoff,1,1,4.38,104526,14.75,1.28,3.57,79.05,6.89,6.17,0.14,3.36,2.15,5.15,,,,,,
IA,H,41,Buck,0,0,1.74,99496,31.87,1.96,4.48,74.15,8.47,7.74,1.68,4.14,6.15,5.81,,,,,,
IA,H,42,Matson,0,0,0.16,111655,20.89,1.68,4.3,82.42,5.16,4.82,1.3,3.53,2.91,3.54,,,,,,
IA,H,43,Andrews,1,1,2.3,106612,16.19,2.19,4.24,80.5,4.09,7.08,-8.61,2.96,-14.02,3.56,,,,,,
IA,H,44,Forbes,0,0,0,119586,18.74,1.82,7.01,80.24,2.8,4.84,0.59,6.56,1.71,6.91,,,,,,
IA,H,45,Lohse,1,0,54.48,74044,4.66,1.88,8.39,76.83,3.65,3.38,1.01,1.64,-0.09,2.22,,,,,,
IA,H,46,Gehlbach,1,1,15.45,79381,2.2,1.02,9.34,80.86,2.34,3.98,0.17,2.3,0.55,2.78,,,,,,
IA,H,47,Nordman,1,1,76.04,79398,12.95,0.72,0.39,93.98,0.7,3.02,0.14,-1.72,0.88,-2.45,,,,,,
IA,H,48,Thompson,1,1,51.04,87312,8.41,1.1,1.32,90.61,1.27,4.18,-4.96,1.09,-6.34,2.01,,,,,,
IA,H,49,Kroeschell,0,0,1.69,89578,9.36,0.63,0.61,91.87,1.15,3.49,-1.16,0.14,-0.83,-0.02,,,,,,
IA,H,50,Wilburn,0,0,1.29,77984,6.29,1.41,0.32,94.86,0.61,2.95,0.92,0.24,1.48,0.31,,,,,,
IA,H,51,Deyoe,1,1,77.73,76227,15.51,0.37,0.68,95.75,0.42,1.89,-0.13,0.32,-0.09,-0.07,,,,,,
IA,H,52,Cahill,0,0,14.47,75989,14.49,1.04,0.77,92.09,1.11,3.48,-7.68,-1.9,-12.59,-3.03,,,,,,
IA,H,53,Fisher,1,1,53.59,70939,12.57,0.57,0.55,88.56,2.83,5.75,0.11,0.3,4.19,0.41,,,,,,
IA,H,54,Meggers,1,1,84.13,80929,9.71,1.68,0.96,90.07,0.5,6.6,-0.95,0.72,-1.87,1.04,,,,,,
IA,H,55,Latham,1,1,76.25,77830,37.03,0.88,0.92,93.54,1.32,2.93,-6.66,0.74,-10.33,0.68,,,,,,
IA,H,56,Thompson,1,1,83.33,73501,19.83,1.96,0.58,92.63,0.97,4.55,1.78,0.39,3.35,0.31,,,,,,
IA,H,57,Grassley,1,1,71.3,107655,22.17,0.84,0.63,94.78,0.89,2.75,0.39,0.19,0.94,0.23,,,,,,
IA,H,58,Thomson,1,1,77.46,77953,11.59,0.27,0.26,95.06,0.42,1.87,-0.05,0.09,0.77,0.24,,,,,,
IA,H,59,Steckman,0,0,19.12,90727,7.61,1.37,3.32,88.45,1.58,3.26,-2.1,0.59,-3.02,0.66,,,,,,
IA,H,60,Bloomingdale,1,0,73.65,98641,15.13,0.34,2.18,85.25,7.01,2.21,-2.89,-2.52,-4.21,-2.68,,,,,,
IA,H,61,Powers,0,0,2.93,67547,13.61,1.82,3.24,76.81,10.98,6.44,0.67,0.96,1.33,1.12,,,,,,
IA,H,62,Amos,0,0,3.07,53701,11.38,2.91,0.33,63.13,21.4,8.07,-0.91,-2.21,-2.77,-3.02,,,,,,
IA,H,63,Bergan,1,0,74.92,89658,29.65,0.38,0.64,94.76,0.9,1.69,-0.78,-0.74,-1.29,-0.94,,,,,,
IA,H,64,Osmundson,1,1,99.51,76221,12.13,0.37,0.11,94.43,0.78,1.9,-0.58,-2.67,-1,-3.98,,,,,,
IA,H,65,Lundgren,1,1,77.58,83997,26.98,1.14,0.67,79.68,9.35,5.13,-3.88,-4.48,-6.32,-6.78,,,,,,
IA,H,66,Bradley,1,1,83.08,92064,25.66,1.19,4.99,79.94,7.61,3.32,-10.3,0.48,-19.12,-1.68,,,,,,
IA,H,67,Johnson,1,1,65.55,109257,15.73,1.05,4.53,83.13,3.18,3.15,-5.21,1.1,-11.23,0.96,,,,,,
IA,H,68,Ingels,1,0,76.98,92893,11.69,0.17,0.63,93.62,1.04,1.93,-3.75,-1.32,-7.88,-1.89,,,,,,
IA,H,69,Determann,1,1,14.73,81911,10.2,0.99,1.29,78.14,9.73,5.78,0.73,-1.07,3.62,-2.18,,,,,,
IA,H,70,Mommsen,1,1,62.64,77569,14.91,1.15,1.51,81.77,8.74,3.91,0.86,0.56,2.39,0.28,,,,,,
IA,H,71,James,0,0,0.21,70626,7.92,11.6,3.85,61.47,1.79,28.82,11.21,2.99,27.11,3.75,,,,,,
IA,H,72,Isenhart,0,0,11.12,81010,6.07,3.01,0.56,85.13,0.78,7.92,2.65,0.16,7.38,0.3,,,,,,
IA,H,73,Wilson,0,0,1.22,94557,8.62,1.7,0.48,92.35,1.05,4.41,1.39,0.39,2.84,0.5,,,,,,
IA,H,74,Gjerde,0,0,0.44,112750,11.45,1.1,8.39,67.16,12.75,5.47,0.77,8.02,3.72,10.42,,,,,,
IA,H,75,Kressig,0,0,2.99,84531,9.1,0.39,0.27,95.42,0.31,1.71,-0.15,-0.86,-0.55,-0.93,,,,,,
IA,H,76,Wulf,1,1,35.9,83402,27.13,0.5,0.65,92.14,1.08,3.37,-0.06,0.56,1.77,1.17,,,,,,
IA,H,77,Cooling,0,0,2.99,110439,10.12,1.39,1.95,83.19,3.49,5.43,0.73,-4.3,2.49,-4.53,,,,,,
IA,H,78,Scheetz,0,0,2.04,76619,6.02,2.03,0.4,91.72,0.65,5.49,0.02,-1.82,-0.13,-2.79,,,,,,
IA,H,79,Ehlert,0,0,0.74,88107,32.12,0.36,1.59,92.05,1.68,2.71,-3.42,0.9,-7.43,0.44,,,,,,
IA,H,80,Staed,0,0,2.45,69657,12.92,0.21,0.45,94.93,0.17,1.43,-4.58,-0.02,-12.91,0.05,,,,,,
IA,H,81,Stoltenberg,1,1,4.87,65845,9.94,4.43,1.31,78.61,3.78,12.41,3.05,0.33,5.78,0.23,,,,,,
IA,H,82,Kaufmann,1,1,98.86,78141,32.02,0.73,3.26,88.14,3.59,2.43,0.08,1.49,-1.23,0.72,,,,,,
IA,H,83,Golding,1,1,76.23,65773,16.83,0.53,0.8,89.1,3.43,4.11,0.5,0.7,2.7,0.73,,,,,,
IA,H,84,Gerhold,1,1,75.71,74605,18.11,1.02,1.64,89.59,1.83,4.14,0.32,0.97,-0.37,1.43,,,,,,
IA,H,85,Nielsen,0,0,24.22,83807,6.94,1.27,4.34,83,2.88,5.3,0.82,1.57,2.17,1.41,,,,,,
IA,H,86,Jacoby,0,0,0.27,66183,5.68,2.52,6.13,71.15,10.93,6.67,-0.87,4.46,-4.28,5.11,,,,,,
IA,H,87,Shipley,1,1,41.88,71586,12.23,0.24,1.17,82.58,7.94,4.05,-3.48,0.88,-4.99,1.04,,,,,,
IA,H,88,Hayes,1,1,62.06,87209,8.78,4.98,1.27,81.51,1,14.24,4.59,0.03,11.48,0.53,,,,,,
IA,H,89,Levin,0,0,0.81,70553,20.24,1.75,1.96,72.88,9.77,9.11,0.22,1.58,4.59,1.84,,,,,,
IA,H,90,Zabner,0,0,0.26,61342,23.98,3.01,1.49,67.06,13.7,11.47,2.17,-3.09,9.8,-2.36,,,,,,
IA,H,91,Sherman,1,1,84.54,76036,9.57,3.49,0.56,75.98,2.69,17.34,1.99,-0.61,14.26,-0.86,,,,,,
IA,H,92,Hora,1,1,70.75,89395,11.02,1.35,0.53,82.53,6.26,7.21,0.69,-0.19,3.81,0.02,,,,,,
IA,H,93,Mohr,1,0,3.44,94862,21.58,0.61,1.51,82.27,4.93,6.75,-4.8,0.81,-3.3,0.66,,,,,,
IA,H,94,Vondran,1,1,3.93,128881,14.76,0.87,4.93,81.74,4.12,3.82,0.72,4.7,2.88,6.85,,,,,,
IA,H,95,Collines,1,1,93.73,110211,23.12,0.07,0.85,95.89,0.39,1.05,-1.63,0.6,-3.01,0.61,,,,,,
IA,H,96,Cisneros,1,1,23.02,84806,16.91,0.24,0.47,93.39,1.54,2.32,-0.67,-0.01,-0.58,0.11,,,,,,
IA,H,97,Croken,0,0,0,95787,5.75,0.17,0.42,94.04,0.79,2.09,-0.93,-0.02,-0.2,0.34,,,,,,
IA,H,98,Kurth,0,0,15.62,69764,10.69,0.82,0.49,87.12,4.5,4.22,0.26,0.03,2.23,0.06,,,,,,
IA,H,99,Rinker,1,1,15.5,82488,33.77,0.39,1.74,89.45,2.46,2.07,-2.74,1.05,-6.51,1.45,,,,,,
IA,H,100,Graber,1,1,37.83,75428,31.17,0.91,1.21,84.93,6.08,2.65,-2.26,0.75,-5.7,0.47,,,,,,
KY,S,1,Howell,1,1,71.21,64272,9.01,1.03,0.63,86.5,5.66,4.16,-0.19,-0.07,1.38,-0.07,,,,,,
KY,S,2,Carroll,1,1,54.72,75493,12.65,0.47,0.42,87.65,6.8,2.31,-0.22,-0.03,0.66,0.06,,,,,,
KY,S,3,Westerfield,1,1,40.74,65092,17.83,1.06,0.86,72.87,15.25,6.68,-0.35,0.22,1.79,0.47,,,,,,
KY,S,4,Mills,1,1,57.44,66040,11.65,0.75,0.35,87.71,6.28,2.65,0.2,0.06,0.87,0.05,,,,,,
KY,S,5,Meredith,1,0,86.75,65349,10.06,0.54,0.36,92.27,2.5,2.44,0.19,0.11,0.86,0.12,,,,,,
KY,S,7,Southworth,1,1,47.88,78870,17.39,1.59,0.86,86.44,5.57,3.87,-1.05,-0.01,-0.87,0.03,,,,,,
KY,S,8,Castlen,1,1,36.48,77633,15.56,0.88,1.43,88.49,4.26,3.02,0.07,1.04,0.74,1.07,,,,,,
KY,S,9,Givens,1,1,63.52,60229,11.67,0.9,0.38,90.93,3.52,2.79,0.36,0.01,1.13,0.05,,,,,,
KY,S,10,Parrett,0,0,33.27,79922,14.16,0.93,1.45,76.72,11.2,5.54,0.05,-0.2,1.21,-0.28,,,,,,
KY,S,11,Schickel,1,1,7.94,103177,16.88,1.62,1.86,86.42,3.74,4.43,0.33,-0.07,1.12,0.31,,,,,,
KY,S,12,Kerr,1,0,28.17,103068,22.43,2.21,4.79,77.5,7.46,5.85,0.2,1.74,2.12,2.32,,,,,,
KY,S,13,Thomas,0,0,0,68864,10.02,3.9,3.32,64.4,20.23,7.84,-2.51,0.72,-1.62,-0.05,,,,,,
KY,S,14,Higdon,1,1,78.8,82926,21.55,0.51,0.68,89.2,5.58,2.44,-0.13,0.19,0.56,0.33,,,,,,
KY,S,15,Girdler,1,1,68.13,64516,15.76,0.91,0.56,91.16,2.93,2.62,0.05,0.32,0.55,0.31,,,,,,
KY,S,16,Wise,1,1,64.32,58066,17.9,0.93,0.2,91.4,2.96,2.7,0.29,0.09,1.16,0.32,,,,,,
KY,S,17,Thayer,1,1,41.68,88870,19.33,0.83,0.75,90.9,2.67,2.85,-0.02,0.35,0.39,0.19,,,,,,
KY,S,18,Webb,0,0,49.32,68132,9.47,0.48,0.36,94.37,1.21,1.44,0.21,0.22,0.59,0.09,,,,,,
KY,S,19,McGarvey,0,0,0,93145,35.56,2.39,2.26,81.13,10.03,4.36,0.78,0.83,1.31,0.74,,,,,,
KY,S,20,Hornback,1,1,42.28,89304,24.55,2.78,1.9,82.39,6.61,6.46,1.03,1.53,2.95,1.33,,,,,,
KY,S,21,Storm,1,0,79.43,58359,10.48,0.25,0.27,95.63,0.59,1.37,-0.11,0.06,0.36,-0.08,,,,,,
KY,S,22,Buford,1,1,24.2,82671,19.64,2.59,0.85,85.73,5.72,5.2,1.41,-1.28,2.61,-1.37,,,,,,
KY,S,23,McDaniel,1,1,0.87,89882,25.21,1.64,1.14,84.65,5.75,4.54,0.43,0.57,1.34,0.53,,,,,,
KY,S,24,Schroder,1,1,32.48,87959,18.98,0.42,0.84,92.28,2.29,1.99,0.08,0.25,0.54,0.19,,,,,,
KY,S,25,Stivers,1,1,79.53,49464,14.9,0.18,0.17,94.39,1.85,1.24,-0.01,-0.03,0.51,-0.01,,,,,,
KY,S,26,Harris,1,1,0.66,151172,29.69,1.17,2.07,87.85,3.98,3.01,-0.66,0.3,-0.39,0.28,,,,,,
KY,S,27,West,1,1,57.93,67273,10.24,0.91,0.26,92.41,2.7,2.4,0.58,0,1.21,-0.02,,,,,,
KY,S,28,Alvarado,1,1,38.59,78648,13.38,2.11,1.38,80.67,10.56,4.62,0.7,1.21,1.85,1.18,,,,,,
KY,S,29,Turner,1,0,80.6,48365,11.97,0.1,0.28,96.21,1.18,0.63,-0.09,0.15,0.13,0.19,,,,,,
KY,S,30,Smith,1,0,90.08,52749,9.9,0.11,0.53,95.56,1.09,0.87,0.02,0.39,0.22,0.39,,,,,,
KY,S,31,Wheeler,1,0,83.85,54137,12.91,0.19,0.49,95.06,1.71,1.08,-0.09,0.11,0.19,0.25,,,,,,
KY,S,32,Wilson,1,1,43.63,81129,9.03,2.05,4.09,77.41,8.52,5.47,-0.54,1.91,1.29,2.37,,,,,,
KY,S,33,Neal,0,0,0.43,49234,12.13,2.17,1.13,33.17,58.45,3.64,1.41,0.34,2.16,0.9,,,,,,
KY,S,34,Carpenter,1,0,28.44,81893,19.14,0.75,1.58,88.89,3.69,2.63,0.22,0.96,0.87,0.9,,,,,,
KY,S,35,Angel,0,0,0,58721,14.74,6.23,2.91,47.93,34.92,11.43,2.29,1.22,4.95,0.58,,,,,,
KY,S,36,Adams,1,1,2.87,115149,35.56,1.85,4.7,77.84,9.64,3.82,0.05,1.58,0.26,2.01,,,,,,
KY,S,37,Yates,0,0,0.08,66676,14.28,6.11,2.97,64.04,19.93,9.11,2.35,0.8,3.4,1.06,,,,,,
KY,S,38,Seum,1,1,23.97,82381,19.67,1.56,1.14,85.49,5.4,4.56,-0.95,-0.42,-0.17,-0.57,,,,,,
KY,H,1,Rudy,1,1,66.46,77969,8.97,0.5,0.32,86.54,6.53,2.84,0.05,-0.27,1.65,-0.13,,,,,,
KY,H,2,Heath,1,1,64.81,67149,7.97,1.3,0.38,86.65,3.55,6.35,-1.26,0.09,1.42,0.1,,,,,,
KY,H,3,Bridges,1,1,24.03,69274,14.23,0.62,0.51,77.81,15.5,2.48,-0.41,-0.04,-0.13,0.36,,,,,,
KY,H,4,Bechler,1,1,53.05,75928,13.66,0.55,0.37,89.36,5.83,2.31,0.33,0,1.42,0.03,,,,,,
KY,H,5,Imes,1,1,56.28,64087,10.79,0.83,1.09,89.32,4.14,2.71,0.14,-0.43,0.64,-0.16,,,,,,
KY,H,6,Freeland,1,1,88.14,73798,10.77,0.42,0.35,94.86,1.76,1.85,0.1,0.34,0.9,-0.1,,,,,,
KY,H,7,Miles,1,1,21.48,86398,15.2,0.71,2.6,87.16,5.77,1.85,0,2.31,0.08,2.38,,,,,,
KY,H,8,Thomas,1,1,47.19,51938,19.1,1.35,1.01,63.12,22.15,8.06,0.08,0.61,4.89,0.81,,,,,,
KY,H,9,Dossett,1,1,22.37,66649,17.11,0.59,0.96,76.73,11.28,5.98,-0.65,-0.4,-2.4,-0.09,,,,,,
KY,H,10,Calloway,1,1,72.93,71337,10.69,0.26,0.68,83.93,8.2,2.79,0.06,0.18,1.44,0.1,,,,,,
KY,H,11,Dixon,1,1,36.53,67948,11.94,0.5,0.48,85.97,6.8,2.69,0.18,0.11,0.76,0.12,,,,,,
KY,H,12,Gooch,1,1,100,68623,14.35,1.02,0.46,90.22,4.28,3.19,0.19,0.34,0.92,0.31,,,,,,
KY,H,13,Johnson,1,1,12.87,60502,12.83,1.46,1.16,80.26,9.01,5.37,0,0.59,1.97,0.57,,,,,,
KY,H,14,Lewis,1,0,83.73,73842,16.28,1.46,0.27,94.95,1.19,2.5,0.86,-0.02,0.44,-0.02,,,,,,
KY,H,15,Prunty,1,1,73.94,66607,8.81,0.84,0.26,90.8,4.63,1.83,0.41,-0.06,0.55,-0.05,,,,,,
KY,H,16,Petrie,1,1,84.94,67285,15.52,1.06,0.23,87.63,6.37,3.76,-0.46,0.23,1.24,0.33,,,,,,
KY,H,17,Sheldon,1,1,22.09,94502,14.59,1.02,3.56,86.84,3.46,2.96,0.55,3.41,1.97,3.87,,,,,,
KY,H,18,Heavrin,1,1,78.38,73168,11.91,0.37,0.55,91.34,3.27,1.88,0.18,0.45,0.74,0.58,,,,,,
KY,H,19,Meredith,1,1,72.06,68393,8.09,2.49,1.27,78.91,9.62,5.71,2.05,1.14,4.3,1.85,,,,,,
KY,H,20,Minter,0,0,3.95,67287,5.54,2.35,5.85,72.77,9.92,6.84,-0.61,1.96,1.81,2.05,,,,,,
KY,H,21,Rowland,1,0,89.19,58078,8.6,0.41,0.42,92.9,2.92,2.09,-2.43,-0.87,-2.19,-0.9,,,,,,
KY,H,22,McPherson,1,0,58.09,66661,15.17,0.91,0.53,89.46,4.76,2.29,0.35,0.08,0.71,0.22,,,,,,
KY,H,23,Riley,1,0,62.1,60899,10.99,1.06,0.59,89.66,3.53,3.51,0.2,0.18,1.15,0.27,,,,,,
KY,H,24,Reed,1,0,95.02,60541,12.29,1.3,0.62,90.15,4.54,2.72,0.81,0.16,0.61,0.21,,,,,,
KY,H,25,DuPlessis,1,1,19.08,83070,18.35,0.72,1.42,82.56,7.54,3.3,0.19,-0.1,0.56,-0.13,,,,,,
KY,H,26,Webber,1,1,24.57,85399,15.8,1.11,0.65,86.62,4.03,5.8,-0.5,-1.82,-1.11,-1.93,,,,,,
KY,H,27,Tate,1,1,59.47,76367,8.81,0.42,1.25,79.23,9.74,5.61,-0.21,0.61,0.87,1.04,,,,,,
KY,H,29,Bratcher,1,1,7.38,104845,37.95,0.95,1.76,77.48,12.16,4.64,-0.19,0.33,1.93,0.78,,,,,,
KY,H,30,Burch,0,0,0,65933,17.33,9.28,5.54,43.31,36.69,12.76,3.59,3.46,4.81,2.69,,,,,,
KY,H,31,Raymond,0,0,0.2,82588,30.08,2.81,3.65,74.6,14.15,5.37,-0.24,1.6,1.29,1.13,,,,,,
KY,H,32,Bojanowski,0,0,0,103942,44.92,1.84,6.65,78.42,7.03,3.4,0.38,2.84,0.55,3.6,,,,,,
KY,H,33,Nemes,1,1,12.11,113532,31.01,1.82,3.63,79.78,9.89,3.7,-0.19,0.85,0.24,-0.22,,,,,,
KY,H,34,Marzian,0,0,0,113927,46.52,0.72,0.99,91.52,3.19,1.9,0.41,0.09,0.22,0,,,,,,
KY,H,35,Wilner,0,0,0,81812,25.67,5.4,0.82,75.46,12.29,9.94,2.85,0.01,3.61,-0.01,,,,,,
KY,H,36,Miller,1,1,11.58,132759,34.55,1.04,3.71,83.19,7.79,3.04,0.45,3.21,1.15,4.2,,,,,,
KY,H,37,Donohue,0,0,4.54,67520,16.95,6.71,3.7,63.58,16.71,11.3,0.02,-2.07,2.52,-2.02,,,,,,
KY,H,38,Cantrell,0,0,0.44,62684,11.28,5.77,4.1,62.56,17.77,9.68,2.08,2.83,2.83,4.49,,,,,,
KY,H,39,Lockett,1,1,8.13,84148,15.2,1.23,1.72,86.78,3.85,4.48,0.03,0.57,1.73,1.26,,,,,,
KY,H,40,Kulkarni,0,0,0,50530,15.68,3.9,3.34,55.42,29.01,7.4,1.33,1.67,2.78,2.2,,,,,,
KY,H,41,Scott,0,0,0,62631,21.22,1.37,1.25,46.59,46.55,3.13,0.32,-0.86,1.26,0.69,,,,,,
KY,H,42,Meeks,0,0,0,56076,10.91,1.15,0.65,41.48,50.77,3.15,0.31,0.1,1.11,-0.07,,,,,,
KY,H,43,Stevenson,0,0,0,73374,17.86,0.39,0.33,44.91,50.2,1.27,0.1,-0.16,-0.18,-0.19,,,,,,
KY,H,44,Jenkins,0,0,0.15,64430,17.56,2.84,0.52,56.42,35.21,4.54,2.17,0.2,3.19,-0.24,,,,,,
KY,H,45,Timoney,1,0,8.2,117582,23.43,1.25,5.78,82.52,3.36,3.28,-0.19,1.38,0.32,2.67,,,,,,
KY,H,46,Gentry,0,0,0,71233,16.98,7.57,3.35,58.38,24.13,13.13,2.67,1.4,5.25,-0.6,,,,,,
KY,H,47,Rabourn,1,1,88.17,70173,14.09,1.46,0.13,89.9,2.34,4.66,-1.11,-0.46,-0.22,-0.42,,,,,,
KY,H,48,Fleming,1,1,3.67,155016,34.65,1.95,4.26,79.09,7.66,4.55,-0.18,0.56,0.73,0.74,,,,,,
KY,H,49,Huff,1,1,34.43,74973,18.61,0.6,0.96,92.26,1.4,2.58,0.47,0.36,1.61,0.18,,,,,,
KY,H,50,McCoy,1,1,62.17,81819,19.02,0.23,0.44,90.06,5.17,2.3,-0.45,0.16,0.61,0.13,,,,,,
KY,H,51,Carney,1,1,58.34,66002,28.38,0.81,0.42,90.5,3.69,2.42,0.3,-0.05,1.03,0.05,,,,,,
KY,H,52,Upchurch,1,1,70.69,57231,10.55,0.87,0.08,91.84,3.14,2.45,-0.06,0.05,0.11,0.21,,,,,,
KY,H,53,Tipton,1,1,68.75,89414,16.37,0.83,0.4,92.84,1.95,2.82,0.09,0.29,1.51,0.26,,,,,,
KY,H,54,Elliot,1,1,57.5,64721,24.15,0.95,0.54,87.83,5.48,3.32,-0.5,-0.08,0.47,-0.17,,,,,,
KY,H,55,King,1,1,66.24,84909,27.11,1.3,1.05,88.94,4.78,3,0.98,0.76,1.52,0.76,,,,,,
KY,H,56,Fister,1,1,41.41,84750,18.68,4.55,1.12,78.67,8.51,9.88,-0.83,0.02,2.5,-0.49,,,,,,
KY,H,57,Graham,0,0,20.74,73733,15.02,2.19,1.62,79.15,10.63,4.16,0.8,0.46,1.7,0.69,,,,,,
KY,H,58,Decker,1,1,49.26,93442,22.7,4.63,0.78,79.25,6.34,9.74,0.76,0.51,3.17,0.44,,,,,,
KY,H,59,Osborne,1,1,30.15,144756,17.97,1.43,1.52,87.7,4.08,3.52,0.08,0.11,0.8,-0.17,,,,,,
KY,H,60,Santoro,1,1,8.13,113775,20.13,1.86,1.21,86.06,3.29,5.08,0.41,-1.2,2.11,-0.41,,,,,,
KY,H,61,Maddox,1,1,88.74,83922,14.38,0.5,0.28,93.67,0.94,2.59,-0.75,0.15,0.16,0.13,,,,,,
KY,H,62,Pratt,1,1,37.75,85634,16.03,1.76,0.56,86.78,4.18,4.56,-2.87,0.04,-3.89,0.15,,,,,,
KY,H,63,Banta,1,1,0.88,113700,31.44,0.52,1.43,89.99,3.23,2.7,0.2,0.59,1.73,0.07,,,,,,
KY,H,64,Moser,1,1,3.66,104398,25.01,0.23,1.47,93.94,1.68,1.27,-0.08,0.95,0.29,0.52,,,,,,
KY,H,65,Wheatley,0,0,0,63011,20.11,3.23,0.75,74.86,10.37,8.56,1.62,0.09,3.84,0.56,,,,,,
KY,H,66,Massey,1,0,14,111747,16.58,1.31,1.89,89.29,2.88,3.34,0.4,0.03,-0.76,0.15,,,,,,
KY,H,67,Roberts,0,0,1.41,73632,19.84,0.86,0.91,87.48,5.14,3.36,0.5,-0.03,1.66,-0.1,,,,,,
KY,H,68,Fischer,1,1,24.03,107674,20.86,0.14,1,94.85,0.66,1.3,-0.24,0.39,-0.45,0.31,,,,,,
KY,H,69,Koenig,1,1,0,77012,12.96,1.7,2.24,84.1,5.57,3.75,0.14,1.87,-0.07,1.9,,,,,,
KY,H,70,Lawrence,1,0,69.06,70767,10.16,0.43,0.32,92.89,3.44,1.42,-0.28,0.3,0.01,0.52,,,,,,
KY,H,71,Bray,1,1,66.16,76849,13.52,1.28,0.19,93.54,1.55,2.12,0.85,-0.17,0.93,-0.34,,,,,,
KY,H,72,Koch,1,1,73.71,75462,16.98,1.54,0.15,88.1,4.69,4.56,-0.78,-0.03,0.7,-0.18,,,,,,
KY,H,73,Dotson,1,1,32.09,79275,13.44,1.09,0.74,90.03,3.78,3.07,-0.07,0.02,0.63,-0.06,,,,,,
KY,H,74,Hale,1,0,70.37,56687,10.53,0.47,0.22,93.53,1.74,2.46,-0.17,0.13,0.84,0.31,,,,,,
KY,H,75,Flood,0,0,0,70186,9.84,1.16,4.31,78.76,9.77,3.87,-0.63,-0.57,0.74,-1.44,,,,,,
KY,H,76,Palumbo,0,0,0.05,76385,14.33,3.71,2.52,69.79,17.55,6.87,0.85,0.41,2.43,-0.3,,,,,,
KY,H,77,Brown,0,0,0.13,65059,8.74,7.62,1.55,47.31,32.67,13.02,-1.1,0.94,-1.18,0.97,,,,,,
KY,H,78,Hart,1,1,65.31,69056,18.6,0.7,0.38,92.38,2.17,2.07,0.35,0.25,1.15,0.22,,,,,,
KY,H,79,Westrom,0,0,0,79951,14.03,3.41,3.6,66.05,18.24,7.29,0.67,1.45,2.69,0.81,,,,,,
KY,H,80,Meade,1,1,99.94,58433,10.97,1.56,0.38,91.18,2.16,3.13,1.5,0.29,2.13,0.15,,,,,,
KY,H,81,Gordon,1,0,43.7,68639,20.69,0.69,1.4,87.1,5.38,2.87,-0.16,0.74,0.54,0.15,,,,,,
KY,H,82,Huff,1,0,66.82,57371,20.05,0.23,0.24,95.77,0.83,1.56,-0.07,0.02,0.79,-0.18,,,,,,
KY,H,83,Branscum,1,1,87.11,56457,8.66,0.87,0.32,93.8,1.14,2.64,-0.3,0.09,0.43,0.4,,,,,,
KY,H,84,Fugate,1,0,83.11,57006,9.38,0.03,0.73,94.13,1.27,0.99,-0.09,0.51,0.31,0.43,,,,,,
KY,H,85,Baker,1,1,41.41,66700,10.79,0.18,0.33,95.85,0.42,1.42,-0.74,0,-0.28,-0.09,,,,,,
KY,H,86,Smith,1,0,61.36,52556,9.83,0.25,0.42,95.29,0.77,1.36,0.24,0.27,0.55,0.04,,,,,,
KY,H,87,Bowling,1,0,68.65,43154,8.72,0.02,0.1,94.46,2.45,0.77,-0.05,0.02,0.05,0.03,,,,,,
KY,H,88,Stevenson,0,0,13.74,128437,25.76,1.78,5.25,77.19,7.53,5.06,0.6,1.18,2.28,1.7,,,,,,
KY,H,89,Truett,1,0,88.86,58998,16.14,0.22,0.45,93.76,1.97,1.84,-0.06,0.09,0.69,-0.2,,,,,,
KY,H,90,Lewis,1,0,84.53,48059,9.41,0.23,0.08,93.34,3.06,0.99,0,-0.28,0.27,-0.17,,,,,,
KY,H,91,Wesley,1,0,56.02,48539,10.38,0.24,0.4,95.26,0.91,0.78,-0.04,0.28,0.39,0.4,,,,,,
KY,H,92,Blanton,1,0,95.68,48658,17.86,0.32,0.23,97.23,0.42,0.76,0.3,0.15,0.45,0.41,,,,,,
KY,H,93,McCormick,1,0,1.29,49298,7.81,0.27,0.19,94.26,2.39,1.07,0.15,-0.09,0.42,-0.06,,,,,,
KY,H,94,Hatton,0,0,94.94,54572,16.36,0.13,0.38,96.36,0.73,0.88,-0.23,-0.2,0.08,-0.07,,,,,,
KY,H,95,Laferty,0,0,68.32,53815,9.74,0.05,0.36,96.57,0.82,0.93,-0.22,0.3,0.34,0.25,,,,,,
KY,H,96,Flannery,1,0,83,56332,15.44,0.38,0.54,96.27,0.28,0.97,0.34,0.45,0.52,0.34,,,,,,
KY,H,97,McCool,1,0,86.59,53389,9.93,0.19,0.66,95.44,1.54,0.63,-0.16,0.46,-0.5,0.59,,,,,,
KY,H,98,Bentley,1,0,35.38,74569,5.62,0.15,0.59,94.95,0.97,1.14,0.07,0.33,0.39,0.24,,,,,,
KY,H,100,Sharp,1,1,39.42,67961,9.33,0.73,0.35,92.89,1.92,2,0.28,0.04,0.25,-0.3,,,,,,
LA,S,1,Owen,1,1,13.61,81709,19.38,2.65,1.35,66.36,19.77,7.66,0.31,0.21,1.26,-0.1,,,,,,
LA,S,2,Price,0,0,24.76,69122,14.98,1.37,0.31,39.56,54.4,4.59,0.21,-5.11,1.98,-8.8,,,,,,
LA,S,3,Bouie,0,0,0.23,58826,19.39,2.54,4,26.26,59.68,5.39,0.7,2.71,1.11,3.85,,,,,,
LA,S,4,Harris,0,0,0,71975,23.98,1.86,0.85,29.05,61.94,5.3,-1.55,0.13,-0.98,0.15,,,,,,
LA,S,5,Duplessis,0,0,0,83115,48.1,2.89,1.52,40.14,47.55,6.49,-0.79,0.05,0.07,0.29,,,,,,
LA,S,6,Edmonds,1,1,40.58,87184,22.88,2.29,1.49,62.86,26.88,5.11,-0.05,0.12,-0.17,0,,,,,,
LA,S,7,Carter,0,0,3.74,67555,19.95,7.04,2.23,27.69,55.86,12.17,1.84,-0.24,3.32,-0.39,,,,,,
LA,S,8,Connick,1,1,8.82,82168,23.74,6.24,3.5,44.68,34.54,11.26,1.3,-0.5,2.71,-0.18,,,,,,
LA,S,9,Henry,1,1,0,100711,47.14,8.23,2.66,70.49,10.47,13.59,0.05,-0.43,0.95,-0.54,,,,,,
LA,S,10,Talbot,1,1,0,90482,41.6,8.36,4.11,66.22,10.09,15.74,-1.23,1.97,0.1,2.23,,,,,,
LA,S,11,McMath,1,1,15.83,105988,30.85,2.59,1,81.78,8.56,5.83,0.54,0.33,1.05,0.27,,,,,,
LA,S,12,Mizell,1,1,86.57,69035,14.81,0.7,0.24,66.68,27.97,2.79,0.11,0,0.6,-0.18,,,,,,
LA,S,13,Hodges,1,1,26.01,87354,17.13,1.87,0.41,87.32,4.94,4.41,0.15,-0.46,0.78,-0.68,,,,,,
LA,S,14,Fields,0,0,0.73,67482,15.6,1.94,3.05,30.5,57.58,4.14,0.5,0.58,0.69,1.13,,,,,,
LA,S,15,Barrow,0,0,3.91,64383,13.72,2.71,2.48,14.97,76.47,4.4,1.39,0.96,1.93,0.95,,,,,,
LA,S,16,Foil,1,1,0.24,114088,31.95,2.15,3.01,66.03,21.76,4.31,-0.04,-0.04,-0.1,-0.74,,,,,,
LA,S,17,Kleinpeter,1,1,74.15,76771,20.49,0.69,0.18,59.13,35.75,2.58,-0.02,-0.06,0.99,-0.22,,,,,,
LA,S,18,Lambert,1,0,16.6,102923,18,2.38,0.9,75.51,15.27,4.9,0.99,0.49,1.58,0.97,,,,,,
LA,S,19,Miller,1,0,18.97,84387,17.78,4.9,0.76,53.58,33.85,9.09,3.08,0.2,5.14,0.28,,,,,,
LA,S,20,Fesi,1,1,21.16,73752,16.81,2.22,0.36,72.35,12.24,5.25,-0.1,-0.18,0.91,-0.08,,,,,,
LA,S,21,Allain,1,1,28.62,73877,19.5,1.94,0.83,62.64,25.36,5.8,0.04,0.12,1.89,0.37,,,,,,
LA,S,22,Miguez,1,1,26.99,66716,16.2,1.31,1,64.92,26.27,3.83,0.3,-0.2,1.22,0.2,,,,,,
LA,S,23,Coussan,1,1,4.88,102370,22.03,1.76,2.71,76.05,13.27,4.52,-0.62,0.85,0.08,0.82,,,,,,
LA,S,24,Boudreaux,0,0,26.55,58387,19.33,1.1,0.45,40.1,54.42,2.58,0.37,0.24,0.79,0.12,,,,,,
LA,S,25,Abraham,1,1,42.54,80151,18,1.48,0.97,77.24,14.58,3.75,0.67,0.19,1.74,0.32,,,,,,
LA,S,26,Hensgens,1,1,58.25,71652,18.85,1.85,0.82,72.66,17.77,4.81,1.14,-0.14,2.64,-0.27,,,,,,
LA,S,27,Stine,1,1,14.27,76792,12.91,1.21,0.95,58.91,33.84,3.41,0.41,0.23,0.85,0.35,,,,,,
LA,S,28,Cloud,1,1,63.53,56977,15.01,2.3,0.48,66.2,25.02,4,1.04,0.18,1.48,0,,,,,,
LA,S,29,Luneau,0,0,25.92,49997,9.04,0.8,0.51,36.54,58.14,2.14,0,-0.88,-0.27,-0.84,,,,,,
LA,S,30,Reese,1,1,72.63,73262,15.35,0.79,0.74,76.8,11.61,6.21,-0.11,-0.02,1.74,0.11,,,,,,
LA,S,31,Seabaugh,1,1,61.7,68890,15.16,0.68,0.94,68.25,21.18,3.53,-0.15,0.65,0.74,0.67,,,,,,
LA,S,32,Womack,1,0,83.02,68255,13.32,0.7,0.32,72.57,23.38,2.01,0.18,0.2,0.44,0.26,,,,,,
LA,S,33,Cathey,1,1,72.81,68054,16.73,0.84,0.59,64.63,29.81,2.7,0.26,-0.07,1.11,0.02,,,,,,
LA,S,34,Jackson,0,0,38.06,46621,11.66,0.35,0.45,31,65.71,1.75,-0.14,0.19,0.02,0.28,,,,,,
LA,S,35,Morris,1,0,43.59,82475,16.37,0.91,1.34,79.18,12.38,3.43,-0.52,0.44,1.2,0.36,,,,,,
LA,S,36,Bass,1,1,36.66,71196,12.14,1.06,0.6,69.79,23.94,3.2,0.26,0.13,0.61,0.25,,,,,,
LA,S,37,Wheat,1,1,25.2,78783,15.29,1.87,1.76,60.35,26.15,7.97,-0.34,0.24,2.61,0.46,,,,,,
LA,S,38,Pressly,1,1,29.75,76307,15.76,0.62,1.16,52.23,39.77,2.76,0,0.16,0.23,0.34,,,,,,
LA,S,39,Jenkins,0,0,13.39,50131,8.4,0.67,0.22,28.92,66.8,2.01,0.28,0.03,0.63,0.14,,,,,,
LA,H,1,McCormick,1,1,66.05,65485,11.89,0.97,0.15,70.7,21.54,3.78,0.57,-0.11,2.01,-0.14,,,,,,
LA,H,3,Phelps,0,0,0.2,37794,5.65,0.97,0.3,8.83,86.95,2.7,0.69,0.14,0.56,0.11,,,,,,
LA,H,5,Bamburg,1,1,32.43,98426,17.03,0.92,2.36,57.3,33.69,2.92,0.23,0.04,0.77,0.53,,,,,,
LA,H,6,Melerine,1,1,0.83,101969,21.47,1.17,1.8,73.5,15.1,5.46,-0.49,-0.3,0.91,0.26,,,,,,
LA,H,7,Bagley,1,0,81.95,72731,17.57,0.27,0.46,65.48,25.67,2.99,-0.33,0.23,0.09,0.45,,,,,,
LA,H,8,Crews,1,1,12.62,85404,14.19,1.21,1.74,64.69,23.8,5.33,-1.39,0.77,-0.68,1,,,,,,
LA,H,9,Horton,1,1,38.75,74763,11.56,1.91,1.23,72.42,19.06,6.2,0.38,0.36,1.2,0.58,,,,,,
LA,H,10,McMahen,1,1,57.88,48323,7.88,0.34,0.35,62.39,33.38,1.99,0.01,0.03,0.48,-0.21,,,,,,
LA,H,12,Turner,1,1,76.45,76314,15.29,1.05,1.19,72.01,18.21,4.23,-0.57,0.5,0.74,0.53,,,,,,
LA,H,13,McFarland,1,1,74.69,59370,16.4,0.77,0.3,66.38,28.68,2.01,0.44,0.11,0.37,0.06,,,,,,
LA,H,14,Echols,1,1,24.4,86134,28.22,0.44,1.54,73.67,19.77,2.25,0.38,0.88,1.23,0.27,,,,,,
LA,H,15,Gadberry,1,1,52.63,87231,12.15,0.3,0.88,86.97,7.1,2.27,-0.29,0.42,0.14,0.76,,,,,,
LA,H,16,Fisher,0,0,14.31,44701,8.91,0.44,0.85,26.71,70.18,1.05,-0.64,-0.58,-0.56,-0.55,,,,,,
LA,H,18,LaCombe,1,1,78.1,76202,23.66,0.94,0.4,55.27,39.3,3.07,-0.15,0.29,1.11,0.37,,,,,,
LA,H,19,Thompson,1,1,94.06,59216,14.36,0.47,0.28,64.39,31.38,2.41,0.07,0.2,-0.32,-0.01,,,,,,
LA,H,20,Riser,1,1,96.02,63189,15.11,0.18,0.25,70.5,27.1,1.09,-0.05,0.24,-0.46,0.52,,,,,,
LA,H,22,Firment,1,1,68.53,66108,13.46,1.77,0.39,75.64,17.24,3.83,0.3,0.21,0.96,0.28,,,,,,
LA,H,23,Mena,0,0,0,51018,8.71,0.19,0.23,37.86,56.81,2.24,-0.23,-0.19,0.34,-0.25,,,,,,
LA,H,24,Schamerhorn,1,1,85.94,66482,8.78,0.23,0.2,77.71,10.06,4.05,-0.3,-0.15,1.42,-0.01,,,,,,
LA,H,25,DeWitt,1,1,58.87,80700,15.9,1.51,1.76,69.23,20.18,5.1,1.17,0.42,3.36,0.67,,,,,,
LA,H,26,Larvadain,0,0,0.82,49966,7.95,0.89,1.08,27.45,66.77,1.96,0.5,-0.25,0.27,-0.07,,,,,,
LA,H,27,"Johnson, M",1,1,53.98,79356,19.09,0.38,0.74,79.77,12.5,2.95,-1.15,-0.34,-1.85,-0.35,,,,,,
LA,H,28,Deshotel,1,1,84.41,56204,19.96,0.41,0.38,64.21,27.28,2.09,0.1,0.04,0.53,0.16,,,,,,
LA,H,29,Jordan,0,0,3.67,59966,15.03,0.82,0.09,16.29,79.8,2.26,-0.57,-1.59,-0.61,-1.92,,,,,,
LA,H,30,Owen,1,1,42.25,64521,11.19,1.59,1.62,57.25,22.85,11.12,0.03,0.31,3.26,0.45,,,,,,
LA,H,31,Hebert,1,1,17.47,109959,25.09,2.15,2.49,76.03,11.55,5.23,-0.38,0.89,0.7,1.17,,,,,,
LA,H,32,Carrier,1,0,84.2,70288,12.54,2.95,0.69,78.04,12.47,5.08,1.25,0.2,1.81,-0.09,,,,,,
LA,H,33,Farnum,1,1,31.57,74974,23.41,1.15,0.37,87.56,5.66,4.38,0.17,0.17,2.36,0.19,,,,,,
LA,H,34,Carter,0,0,2.85,63537,7.64,1.42,0.49,20.46,71.86,3.58,0.83,0.03,2.03,0.04,,,,,,
LA,H,35,Geymann,1,0,27.3,94184,15.83,0.41,0.71,83.9,11.04,1.99,-0.27,0.51,-1.55,0.6,,,,,,
LA,H,36,Tarver,1,1,2.14,95337,20.28,2.24,2.83,75.7,12.87,5.18,1.03,0.35,2.56,1.05,,,,,,
LA,H,37,Romero,1,1,74.32,71069,13.39,0.45,0.1,77,16.96,2.47,0.01,-0.17,0.87,-0.29,,,,,,
LA,H,38,Butler,1,1,80.86,52785,17.83,1.07,0.45,65.68,27.62,2.82,0.39,0.25,1.63,0.01,,,,,,
LA,H,39,Emerson,1,1,17.43,79571,27.86,1.96,0.15,65.71,27.37,3.92,0.96,-0.19,1.39,-0.7,,,,,,
LA,H,40,Miller,0,0,48.19,56282,14.78,0.68,0.89,37.46,57.12,2.33,0.42,0.75,1.18,0.79,,,,,,
LA,H,41,DeVillier,1,1,76.29,64942,18.54,2.55,0.12,74.1,17.43,5,1.58,-0.12,2.99,-0.13,,,,,,
LA,H,42,Henry,1,1,50.12,59221,16.79,0.45,0.1,74.3,20.85,1.6,-0.25,-0.43,-0.65,-0.58,,,,,,
LA,H,43,Carlson,1,1,0.12,106165,24.97,1.22,2.15,78.56,12.98,2.45,0.12,0.45,-0.2,0.47,,,,,,
LA,H,44,Chassion,0,0,3.36,50834,9.53,1.53,0.7,29.72,62.97,3.16,0.76,0.31,0.97,0.36,,,,,,
LA,H,45,Myers,1,1,0,77984,18,4.1,3.43,69.02,16.5,8.3,0.9,1.69,2.37,1.59,,,,,,
LA,H,46,Boyer,1,1,67.33,66860,16.48,1.11,0.41,71.63,21.62,3.44,0.37,-0.23,1.25,0.08,,,,,,
LA,H,47,Bourriaque,1,1,63.87,68952,16.64,1.76,0.78,76.95,13.56,4.5,0.49,-0.43,2.24,-0.52,,,,,,
LA,H,48,Beaullieu,1,1,27.98,85551,21.12,0.93,1.34,74.98,18.01,3.05,-0.32,-0.48,0.07,0.08,,,,,,
LA,H,49,"Landry, J",1,1,45.18,70681,15.08,1.32,1.17,70.95,19.12,4.93,0.34,-0.5,2.16,-0.37,,,,,,
LA,H,50,Blanc,1,1,25.39,59396,11.72,1.44,0.39,57.25,33.09,3.32,-0.34,-0.3,0.25,-0.2,,,,,,
LA,H,51,Amedee,1,1,23.01,68454,17.66,3.08,1.07,61.08,18.67,9.13,0.17,0.39,2.91,0.96,,,,,,
LA,H,52,Zeringue,1,1,5.99,85204,26.81,1.58,0.59,70.63,18.4,4.67,-0.32,0.06,0.83,0.31,,,,,,
LA,H,53,Domangue,1,1,32.5,71482,20.24,1.04,0.76,69.86,15.08,5.34,-0.84,-0.19,2.21,-0.89,,,,,,
LA,H,54,Orgeron,1,1,27.04,72180,9.15,3.85,0.34,82.44,2.49,7.47,1.02,-0.15,1.93,-0.12,,,,,,
LA,H,55,Fontenot,1,1,24.18,81251,21.91,0.39,0.37,70.54,23.68,1.8,-0.41,-0.11,0.14,-0.12,,,,,,
LA,H,56,Billings,1,1,15.26,98690,17.15,1.3,1.01,69.46,22.63,4.49,-1.54,0.54,-0.89,0.59,,,,,,
LA,H,57,Taylor,0,0,12.2,81432,16.61,2.84,0.48,29.24,59.73,7.43,1.02,0.04,3.3,0.38,,,,,,
LA,H,58,Brass,0,0,31.74,64155,12.65,1.14,0.31,33.61,60.9,4.38,0,-0.08,2.08,-0.12,,,,,,
LA,H,59,Bacala,1,1,1.79,123394,21.36,2.63,1.03,74.05,14.44,6.43,0.57,0.5,1.51,0.95,,,,,,
LA,H,60,Brown,0,0,59.03,71378,13.46,0.85,0.19,54.55,40.04,2.81,0.23,-0.18,0.69,-0.61,,,,,,
LA,H,62,Adams,0,0,59.65,90506,17.57,0.3,0.22,54.07,41.64,1.69,-0.42,-0.74,-0.08,-0.83,,,,,,
LA,H,63,Carpenter,0,0,13.2,69072,9.02,0.4,1.1,16.88,79.99,1.4,-0.12,0.91,0.42,0.86,,,,,,
LA,H,64,Dickerson,1,1,30.86,90994,16.73,0.14,0.52,81.1,13.42,1.07,-0.24,0.27,-0.49,0.38,,,,,,
LA,H,65,Ventrella,1,1,25.11,91277,19.8,3.27,1.73,62.24,25.73,7.58,1.26,-0.39,3.46,-1.03,,,,,,
LA,H,66,Chenevert,1,1,5.84,138172,40.07,1.18,3.81,65.38,22.91,3.38,-2.64,-0.52,-2.73,-0.47,,,,,,
LA,H,68,McMakin,1,1,0,112883,29.4,1.03,2.69,65.96,25.79,2.81,-0.04,-0.04,-1.42,0.22,,,,,,
LA,H,69,Davis,1,1,0,97716,26.77,3.3,4.37,57.27,25.1,5.48,0.79,2.17,1.38,2.15,,,,,,
LA,H,70,Freiberg,1,1,0.06,110675,30.92,3.98,2.69,60.02,25.87,7.01,0.96,-0.02,1.64,-0.63,,,,,,
LA,H,71,Wilder,1,1,7.02,83293,20.27,3.09,0.59,83.52,6.54,6.65,1.33,0.1,2.57,0.25,,,,,,
LA,H,72,Carter,0,0,79.49,56750,16.17,0.63,0.43,38.32,56.82,1.87,-0.12,0.18,0.52,0.27,,,,,,
LA,H,73,Coates,1,1,35.58,73611,25.83,1.47,0.17,73.7,19.67,4.25,-0.22,-0.6,0.16,-0.82,,,,,,
LA,H,74,Egan,1,1,71.41,77304,21.85,0.95,0.12,81.15,12.59,4.26,0.45,0,2.02,-0.02,,,,,,
LA,H,75,Wyble,1,1,75.76,53429,12.81,0.65,0.14,63.49,32.05,1.95,0.04,-0.01,-0.06,-0.09,,,,,,
LA,H,76,Berault,1,1,8.42,92084,19.65,3.93,1.83,60.66,22.96,7.9,1,0.73,1.84,1.29,,,,,,
LA,H,77,Wright,1,1,16.62,112756,33.73,2.27,0.59,83.69,7.94,4.48,1.02,0.12,0.76,-0.24,,,,,,
LA,H,78,Illg,1,1,0,84594,40.24,6.56,2.53,77.8,5.97,12.63,1.43,0.43,3.43,-0.35,,,,,,
LA,H,79,Villio,1,1,0,103078,43.57,8.26,6.01,61.7,10.4,15.65,-2.46,2.12,-1.85,2.34,,,,,,
LA,H,80,Thomas,1,1,0,78364,36.85,11.37,2.67,61.51,15.21,17.47,4.55,-0.32,5.97,0.46,,,,,,
LA,H,81,Wiley,1,1,52.21,86908,13.17,1.31,0.71,75.5,20.37,1.57,-7.31,-2.03,-11.83,-3.28,,,,,,
LA,H,82,Schlegel,1,1,0,96740,50.79,4.46,1.41,75.32,12,8.32,-1.23,-0.2,-1.06,-0.48,,,,,,
LA,H,83,Green,0,0,2.14,52487,16.55,5.72,1.91,30.22,52.95,10.36,2.84,-0.8,4.76,-0.81,,,,,,
LA,H,84,Kerner,1,1,11.71,76856,27.23,4.02,3.29,59.11,20.8,9.09,0.19,0.08,1.22,0.86,,,,,,
LA,H,85,Cox,1,1,0,66551,20.5,15.77,2.72,33.52,38.89,24.02,7.59,-2.61,10.83,-4.69,,,,,,
LA,H,86,Muscarello,1,1,45.03,77756,11.2,2.31,0.64,67.15,22.59,6.59,-4.34,-3.76,-4.52,-4.09,,,,,,
LA,H,87,Lyons,0,0,0,82180,16.97,4.95,4.3,19.3,64.15,8.36,0.19,1.92,1.83,2.82,,,,,,
LA,H,88,Edmonston,1,1,4.51,90301,15.07,3.33,0.94,74.63,15.74,5.83,2.66,0.84,3.28,0.85,,,,,,
LA,H,89,Carver,1,1,5.33,122652,36.15,1.34,1.62,88.33,2.9,4.93,-1.06,0.38,-0.49,0.07,,,,,,
LA,H,90,Glorioso,1,1,5.96,77261,17.04,1.91,1.3,73.56,14.92,5.9,0.81,0.61,1.83,0.21,,,,,,
LA,H,91,"Landry, M",0,0,0,76358,38.77,3.3,1.29,35.45,53.44,6.47,-0.07,0.35,1.13,0.42,,,,,,
LA,H,92,Stagni,1,0,0,74112,27.75,16.08,2.44,41.14,26.16,27.16,2.78,0.91,8.05,1.37,,,,,,
LA,H,93,Knox,0,0,0,68619,24.54,3.15,0.89,33.17,56.84,6.84,-0.88,-0.64,0.56,-0.97,,,,,,
LA,H,94,Hilferty,1,1,0,113497,53.32,5.41,3.59,72.6,8.08,12.59,0.44,2.14,3.38,2.59,,,,,,
LA,H,95,Mack,1,0,69.2,84976,15.2,2.43,0.52,83.88,6.28,5.28,-1.13,-1.29,-2.14,-1.3,,,,,,
LA,H,97,Willard,0,0,0,62791,32.34,2.13,0.73,23.62,66.16,5.27,1.24,0.27,3.03,0.58,,,,,,
LA,H,98,Freeman,0,0,0,136032,68.65,1.59,2.33,61.3,24.04,6,-0.16,1.26,0.37,2.18,,,,,,
LA,H,99,Newell,0,0,0.02,52838,15.19,1.62,0.45,16.7,77.83,2.93,1.26,0.16,1.96,-0.12,,,,,,
LA,H,101,LaFleur,0,0,0.02,63286,14.67,6.89,4.48,13.35,69.34,10.68,5.66,3.74,8.83,4.2,,,,,,
LA,H,102,Boyd,0,0,1.61,62202,18.23,3.16,2.07,21.9,67.2,6.37,-0.68,1.08,0.1,0.51,,,,,,
LA,H,103,Bayham,1,1,5.38,67447,14.55,2.59,3.22,54.91,28.55,9.6,-0.92,-8.05,-0.75,-13.49,,,,,,
LA,H,104,Galle,1,1,29.68,82146,21.03,3.81,1.28,72.15,15.32,7.37,0.8,-1.15,-0.28,-2.23,,,,,,
LA,H,105,Braud,1,1,18,93823,27.9,3,4.35,46.44,36.02,7.77,2.43,2.89,4.08,3.63,,,,,,
OK,S,1,Bergstrom,1,1,63.03,60842,8.51,0.96,0.44,62.38,1.19,4.27,-0.24,0.06,0.54,-0.13,,,,,,
OK,S,2,Quinn,1,1,31.43,88257,12.91,1.46,0.79,70.16,0.91,5.46,0.47,0.5,2.28,0.96,,,,,,
OK,S,3,Stephens,1,0,75.81,63023,10.55,0.86,0.57,54.96,0.49,5.05,-0.92,0.27,-0.21,0.61,,,,,,
OK,S,4,Allen,1,1,89.32,57919,6.3,1.6,0.55,66.5,1.89,5.2,-0.79,0.23,-0.6,0.29,,,,,,
OK,S,5,Burns,1,0,81.46,55686,5.9,1.71,0.51,62.29,6.02,6.4,1.22,0.35,2.49,0.47,,,,,,
OK,S,6,Bullard,1,0,71.02,65806,6.66,2.46,0.37,68.49,1.78,8.15,0.01,-0.04,2.32,0.05,,,,,,
OK,S,7,Hamilton,1,0,67.62,63885,8,1.19,0.27,66.87,2.06,5.3,0.19,0,1.81,-0.09,,,,,,
OK,S,8,Thompson,1,1,78.75,60903,9.92,0.62,0.31,63.27,5.63,3.87,0.37,0.08,0.62,0.27,,,,,,
OK,S,9,Pemberton,1,0,34.27,60787,6.88,2.36,0.68,48.96,8.77,8.88,0.59,0.17,4.05,0.2,,,,,,
OK,S,10,Coleman,1,0,60.46,71206,11.27,1,0.24,70.68,1.81,5.9,0.48,0,3.28,0.29,,,,,,
OK,S,12,Leewright,1,1,47.26,76390,12.28,1.36,0.64,73.33,2.37,5.05,0.11,0.39,1.97,0.46,,,,,,
OK,S,13,McCortney,1,1,61.76,67662,7.73,1.61,0.53,66.62,2.59,6.94,-0.09,0.35,1.95,0.47,,,,,,
OK,S,14,Simpson,1,1,73.94,68772,9.69,2.4,0.95,68.39,4.51,8.89,0.49,0.49,3.49,0.44,,,,,,
OK,S,15,Standridge,1,1,38.36,98553,9.49,2.21,2.48,72.06,6.16,8.61,0.73,0.28,3.62,0.48,,,,,,
OK,S,16,Boren,1,1,4.18,68682,6.06,2.27,3.01,69.26,5.85,7.83,-0.44,1.39,1.46,1.99,,,,,,
OK,S,17,Jett,1,1,57.38,87367,16.04,0.69,0.93,73.69,3.17,5.9,0.13,0.43,1.99,0.56,,,,,,
OK,S,18,David,1,1,2.14,79208,11.63,1.67,0.84,65.93,3.45,5.32,-1.47,0.09,-3.31,-0.18,,,,,,
OK,S,19,Pederson,1,0,30.35,74377,10.79,3.03,0.71,74.38,2.2,12.28,-0.75,0.18,3.07,0.22,,,,,,
OK,S,20,Hall,1,0,67.44,90895,8.88,2.42,0.16,77.28,4.45,6.9,0.55,-0.26,1.58,-0.27,,,,,,
OK,S,21,Dugger,1,0,37.27,62461,7.66,0.91,4.53,76.57,3.64,4.8,-0.06,1.32,1.08,0.6,,,,,,
OK,S,22,Merrick,1,0,18.78,108438,15.59,1.97,3.01,72.81,5.41,8.49,-0.03,1.52,2.03,2.3,,,,,,
OK,S,23,Paxton,1,1,45.03,84895,10.19,2.45,0.3,76.39,3.1,9.24,-0.06,-0.74,1.44,-0.95,,,,,,
OK,S,24,Weaver,1,0,0.67,90394,14.42,2.09,2.91,67.9,5.54,10.86,0.9,1.68,4.23,2.91,,,,,,
OK,S,25,Newhouse,1,1,7.23,112802,21.07,3.25,3.02,68.47,5.7,10.91,1.67,-0.1,5.67,0.22,,,,,,
OK,S,26,Jech,1,0,68.89,69680,6.57,4.34,0.58,67.63,3.12,13.58,2.45,0.42,2.83,0.4,,,,,,
OK,S,27,Murdock,1,0,63.85,69199,5.52,8.78,0.94,68.78,2.24,22.56,-0.18,0.35,4.07,-0.13,,,,,,
OK,S,28,Taylor,1,1,92.2,67980,12.88,0.64,0.49,74.83,2.72,4.35,0.06,0.18,1.02,0.04,,,,,,
OK,S,29,Daniels,1,1,50.54,74420,12.44,1.67,1.07,69.85,1.96,5.29,0.24,0.23,1.16,0.65,,,,,,
OK,S,30,Kirt,0,0,0,69769,16.02,10.11,2.01,51.09,12.97,24.44,4.68,-1.05,13.08,-1.36,,,,,,
OK,S,31,Kidd,1,0,59.22,70714,10.89,2.09,1.36,62.33,11.03,13.24,0.75,0.46,5.2,0.44,,,,,,
OK,S,32,Montgomery,1,1,24.38,71951,10.33,1.08,2.06,54.24,16.04,13.87,-0.3,-0.21,2.6,0.3,,,,,,
OK,S,34,Dossett,0,0,7.94,76535,13.51,5.99,1.45,60.74,5.57,14.88,0.7,0.39,3.84,1.17,,,,,,
OK,S,35,Dossett,0,0,0,104698,40.01,2.63,4.45,66.49,9.8,7.43,-0.33,1.99,0.32,2.95,,,,,,
OK,S,36,Haste,1,1,3.98,89365,14.33,10.96,2.9,51.71,9.17,23.82,5.81,0.62,12.25,0.67,,,,,,
OK,S,37,Rogers,1,1,3.93,78709,17.42,1.49,2.78,68.17,4.34,6.87,-0.05,2.02,2.23,2.78,,,,,,
OK,S,38,Howard,1,0,63.23,70380,6.28,3.46,0.56,67,4.94,19.65,-0.23,-0.19,4.5,0.05,,,,,,
OK,S,39,Rader,1,1,0.15,87743,28.51,3.61,1.48,69.16,7.51,10.23,-4.01,-1.54,-4.07,-1.43,,,,,,
OK,S,40,Hicks,0,0,0,85864,24.72,6.57,3.92,59.5,9.62,17.02,-0.43,0.72,3.19,1.2,,,,,,
OK,S,41,Pugh,1,1,14.18,134783,22.34,1.36,2.92,76.71,5.59,6.4,-0.02,0.37,2.15,0.03,,,,,,
OK,S,42,Stanley,1,0,17.8,69064,11.49,0.86,1.54,60.26,19.73,7.56,-0.24,-0.13,2.5,-0.16,,,,,,
OK,S,43,Garvin,1,0,75.6,80604,8.89,2.12,0.22,78.64,1.22,8.15,-0.99,-1.78,-3.01,-2.4,,,,,,
OK,S,44,Brooks,0,1,0,62373,8.52,11.65,2.83,45.42,8.74,33.15,-10.11,1.55,-10.51,1.83,,,,,,
OK,S,45,Rosino,1,1,5.83,85183,11.32,3.5,3.25,64.27,7.57,14.16,0.07,-1.03,3.74,-1.13,,,,,,
OK,S,46,Floyd,0,0,0,62789,12.2,21.5,1.09,34.54,5.13,52.07,4.28,-2.01,17.97,-2.54,,,,,,
OK,S,47,Treat,1,1,1.26,103260,17.33,1.58,4.82,64.15,13.22,5.88,0.36,0.89,1.64,2.28,,,,,,
OK,S,48,Young,0,0,8.57,55235,13.73,2.77,1.45,30.26,51.07,8.52,0.04,0.13,2.37,0.51,,,,,,
SC,S,1,Alexander,1,1,48.29,77696,10.25,1.68,1.48,83.43,7.24,5.11,-0.2,-0.17,1.2,0.32,,,,,,
SC,S,3,Cash,1,1,37.32,90509,21.4,1.4,1.26,82.52,9.28,3.94,-0.11,0.34,0.85,0.39,,,,,,
SC,S,4,Gambrell,1,1,54.36,63965,11.43,1.74,0.37,70.22,22.35,4.08,0.86,0.28,1.86,0.21,,,,,,
SC,S,5,Corbin,1,1,40.73,84441,25.16,3.87,1.6,81.42,6.65,7.75,0.96,-0.45,3.03,-1.01,,,,,,
SC,S,6,Loftis,1,1,5.3,82191,33.11,7.69,2.02,70.48,10.61,12.75,0.18,-0.49,0.83,-0.28,,,,,,
SC,S,7,Allen,0,0,4.31,70089,11.63,6.29,1.15,44.09,38.74,12.69,0.45,0.62,3.48,0.57,,,,,,
SC,S,8,Turner,1,1,0.69,109590,23.55,2.66,2.06,71.98,15.58,6.53,-0.72,0.1,-0.3,0.25,,,,,,
SC,S,9,Verdin,1,1,56.09,72604,16.3,2.71,0.53,68.4,21.08,6.32,0.52,0.16,1.83,0.28,,,,,,
SC,S,10,Garrett,1,1,34.33,60656,14.53,2.53,0.61,56.62,33.54,7.32,0.04,0.04,3.15,-0.12,,,,,,
SC,S,11,Kimbrell,1,1,19.59,66919,17.97,3.85,1.53,60.71,26.07,8.68,-0.18,-0.22,1.58,0.07,,,,,,
SC,S,12,Talley,1,1,5.68,101803,16.47,3.48,3.52,67.09,15.56,8.58,0.28,2.18,2.68,2.61,,,,,,
SC,S,13,Martin,1,0,41.64,78092,17.13,1.6,1.18,71.21,20.22,4.1,0.19,0.23,1.25,0.83,,,,,,
SC,S,14,Peeler,1,1,71.35,67381,13.56,1.74,0.44,76.54,14.55,4.9,0.28,-0.02,1.62,-0.04,,,,,,
SC,S,15,Climer,1,1,24.01,97511,10.28,2.45,1.73,70.17,19.11,5.38,-0.43,0.7,0.06,0.82,,,,,,
SC,S,16,Johnson,1,1,2.37,106341,16.13,3.43,2.74,70.28,15.85,7.48,1.53,1.92,3.47,2.08,,,,,,
SC,S,17,Fanning,0,0,50.16,67055,10.96,1.17,0.21,53.09,40.01,3.37,0.86,0.02,2.17,0.35,,,,,,
SC,S,18,Cromer,1,1,34.01,98015,16.52,1.96,1.4,75.21,16.34,4.61,-0.32,0.78,0.64,1.34,,,,,,
SC,S,19,Scott,0,0,6.3,58204,11.47,2.4,1.43,23.93,65.42,5.4,1.05,-0.07,2.5,-0.01,,,,,,
SC,S,21,Jackson,0,0,15.03,68838,11.05,1.78,1.4,34.85,54.26,6.12,0.38,0.48,1.56,0.46,,,,,,
SC,S,22,McLeod,0,0,5.28,93294,11.17,2.86,2.91,39.17,47.19,6.61,-0.96,0.59,0.03,1.12,,,,,,
SC,S,23,Shealy,1,1,30.77,69811,8.49,3.64,1.16,71.27,14.49,8.43,1.19,0.29,4.38,0.03,,,,,,
SC,S,24,Young,1,1,29.15,84603,16.97,1.99,1.23,69.74,20.51,5.31,0.28,0.16,0.77,0.3,,,,,,
SC,S,25,Massey,1,1,63.18,78917,13.9,2.99,0.5,69.43,20.58,6.29,-0.2,0.35,0.01,0.51,,,,,,
SC,S,26,Setzler,0,0,16.65,64368,13.35,2.41,0.85,59.44,30.56,6.46,-2.99,-0.16,-1.76,0.13,,,,,,
SC,S,27,Gustafson,1,1,67.84,62701,13.09,1.75,0.3,64.78,27.31,3.88,0.09,0.01,0.73,0.03,,,,,,
SC,S,28,Hembree,1,1,35.23,68579,7.91,1.85,0.81,72.44,19.99,4,0.07,0.55,1.03,0.98,,,,,,
SC,S,29,Malloy,0,0,63.06,56776,14.4,0.87,0.4,46.48,47.37,2.53,0.12,0.02,1.08,0,,,,,,
SC,S,30,Williams,0,0,63.53,52055,9.42,1.29,0.17,37.29,56.83,2.7,-0.38,-0.05,0.31,-0.08,,,,,,
SC,S,31,Leatherman,1,1,43.98,77537,16.84,1.09,1.19,61.88,31.36,3.25,0.05,0.18,1.36,0.55,,,,,,
SC,S,32,Sabb,0,0,76.71,57364,7.85,1,0.34,40.56,55.51,2.05,-0.23,0.07,-0.07,0.12,,,,,,
SC,S,33,Rankin,1,1,5.66,74917,9.47,5.08,1.39,74.41,12.89,8.37,-0.38,-0.11,0.04,-0.28,,,,,,
SC,S,34,Goldfinch,1,1,4.15,87181,14.53,2.49,1.02,83.84,7.39,5.1,0.58,0.21,1.53,0.02,,,,,,
SC,S,36,Johnson,0,0,55.21,58782,14.51,1.31,0.33,42.19,52.22,3,-0.39,0.1,-0.22,0.42,,,,,,
SC,S,37,Grooms,1,1,28.55,116042,16.99,1.79,1.22,70.47,19.19,4.84,0.62,0.65,2.38,0.46,,,,,,
SC,S,38,Bennett,1,1,2.86,87837,12.19,2.89,1.69,63.83,22.26,7.14,0.97,0.54,2.6,0.46,,,,,,
SC,S,39,Stephens,0,0,35.65,54743,16.76,1.17,0.17,43.33,51.33,2.65,0,0.04,0.49,0.08,,,,,,
SC,S,40,Hutto,0,0,84.92,56463,19.05,0.45,0.58,42.78,52.42,2.35,-0.25,-0.12,1.08,-0.03,,,,,,
SC,S,41,Senn,1,1,32.37,105728,21.47,1.73,1.65,73.23,17.78,4.28,-0.28,0.34,0.27,0.69,,,,,,
SC,S,42,Kimpson,0,0,0.01,71632,10.28,5.55,1.11,38.19,49.04,8.69,1.28,0.11,1.51,0.16,,,,,,
SC,S,43,Campsen,1,1,19.75,130627,23.42,1.42,1.06,77.06,15.22,3.99,-3.56,0.02,-3.78,0.03,,,,,,
SC,S,44,Adams,1,1,0.34,82550,17.34,3.62,2.92,60.98,21.6,8.53,-0.12,0.81,2.01,0.76,,,,,,
SC,S,45,Matthews,0,0,69.9,74084,18.8,3.79,0.43,41.91,46.4,8.18,-0.2,-0.09,0.29,-0.37,,,,,,
SC,S,46,Davis,1,1,9.6,109732,20.96,5.16,1.14,75.13,8.47,12.64,-3.06,0.04,0.79,0.18,,,,,,
SC,H,1,Whitmire,1,1,84.01,82334,13.79,3,0.26,88.22,2.07,7.01,-0.51,-0.07,0.81,0.28,,,,,,
SC,H,2,Sandifer,1,1,46.7,72583,15.74,1.07,0.84,79.74,12.18,4.47,0.14,0.05,1.66,0.58,,,,,,
SC,H,3,Carter,1,0,22.97,68772,7.56,0.95,3.61,81.81,6.78,3.49,-0.2,-0.01,0.9,0.72,,,,,,
SC,H,4,Hoitt,1,1,70.03,72367,16.51,0.51,0.28,90.31,4.58,3.16,-0.34,-0.1,0.79,-0.15,,,,,,
SC,H,5,Collins,1,0,13.83,81136,13.96,1.73,0.56,84.52,7.69,4.97,-0.81,0.34,0.56,-0.03,,,,,,
SC,H,6,Cromer,1,1,49.5,87760,14.5,2,1.55,75.38,15.54,3.62,-0.61,0.25,-0.06,0.55,,,,,,
SC,H,9,Thayer,1,1,12.44,71948,27.31,1.99,0.89,72.66,20.09,4.58,0.07,0.24,1.38,0.4,,,,,,
SC,H,10,Beach,1,1,26.71,86347,13.6,3.14,0.66,80.55,7.19,7.61,2.22,0.19,4.66,0.03,,,,,,
SC,H,11,Gagnon,1,1,73.88,61573,15.07,1.17,0.19,69.15,24.11,2.93,1.1,0.1,2.66,0.01,,,,,,
SC,H,12,Gibson,1,1,39.42,49994,5.66,3.05,0.31,35.94,55.6,6.96,-1.44,0.2,0.69,-0.04,,,,,,
SC,H,13,McCravy,1,1,56.88,80169,17.36,0.87,0.94,74.46,17.53,4.47,-0.17,-0.03,2.21,-0.54,,,,,,
SC,H,14,Jones,1,1,70.49,67335,9.86,2.16,0.59,71.66,19.68,4.91,0.53,-0.19,1.3,0.04,,,,,,
SC,H,15,Moore,0,0,0,74353,13.74,7.28,3.02,46.91,29.19,15.1,4.34,2.52,9.87,3.52,,,,,,
SC,H,17,Burns,1,1,68.38,86660,32.94,1.42,0.59,84.63,7.6,3.58,-0.21,-0.06,0.84,0.3,,,,,,
SC,H,18,Morgan,1,1,15.74,87285,19.56,4.56,3.01,77.67,8.69,8.65,0.02,2.32,1.13,2.23,,,,,,
SC,H,19,Haddon,1,1,4.21,71296,36.68,10.86,1.35,58.99,12.99,20.35,2.4,0.17,6.27,0.36,,,,,,
SC,H,20,Morgan,1,1,0.83,84542,21.37,5.97,3.18,73.34,9.18,11.06,1.9,-0.6,4.15,0.91,,,,,,
SC,H,21,Cox,1,1,0,131887,20.51,3.21,4.91,77.28,6.04,6.93,1.05,0.39,3.28,0.52,,,,,,
SC,H,22,Elliott,1,1,0,94750,40.03,3.06,3.46,79.63,5.85,6.34,-0.98,1.13,0.12,0.87,,,,,,
SC,H,23,Dillard,0,0,0,64190,16.75,8.19,1.52,41.79,40.64,13.07,1.81,1.03,3.87,0.64,,,,,,
SC,H,24,Bannister,1,1,0,123239,24.86,3.59,1.87,71.61,14.76,7.93,-0.49,-0.59,1.49,-0.5,,,,,,
SC,H,25,Jones,0,0,10.54,66165,10.63,5.67,1.28,31.27,51.38,13.05,0.42,0.29,4.6,0.09,,,,,,
SC,H,26,Felder,1,0,1.96,122017,12.4,3.82,4.08,71.09,12.27,7.49,-3.42,3.75,-5.23,4.66,,,,,,
SC,H,27,Vaughan,1,1,0,94369,21.25,3.26,1.62,67.94,18.93,8.8,-1.28,0.19,0.2,0.6,,,,,,
SC,H,28,Trantham,1,1,33.83,95822,17.13,4.54,0.82,68.39,19.77,8.1,1.37,0.19,1.73,0.06,,,,,,
SC,H,29,Moss,1,1,74.79,64092,21.88,1.78,0.06,75.63,16.52,4.93,0.61,-0.27,2.89,-0.26,,,,,,
SC,H,30,Lawson,1,1,79.42,57874,9.45,2.18,0.42,71.34,19.36,5.63,0.37,0.04,2.37,-0.27,,,,,,
SC,H,31,Myers,0,0,0.32,45804,20.43,4.41,1.65,32.86,50.91,11.98,1.1,0.6,4.69,0.8,,,,,,
SC,H,32,Hyde,1,1,16.42,79445,23.79,2.34,0.82,72.3,19.08,4.41,0.53,0.05,1.9,0.14,,,,,,
SC,H,33,Moore,1,1,48.68,74343,15.38,1.27,0.78,78.36,13.93,3.19,-0.08,-0.6,0.12,-0.07,,,,,,
SC,H,34,Nutt,1,1,3.1,85081,12.28,4.29,2.95,59.01,25.12,9.3,-0.13,0.57,1.62,0.33,,,,,,
SC,H,35,Chumley,1,1,34.96,107540,15.56,2.9,2.58,73.55,11.82,6.57,2.34,2.08,3.71,3.02,,,,,,
SC,H,36,Harris,1,0,19.37,67119,19.72,3.8,0.84,67.61,17.7,9.99,-0.37,-0.93,2.64,-1.74,,,,,,
SC,H,37,Long,1,1,3.38,71303,18.35,5.26,1.44,69.66,16.69,8.57,-0.8,-0.98,-0.72,-0.68,,,,,,
SC,H,38,Magnuson,1,1,71.13,83255,12,1.51,1.34,86.46,5.59,4.55,0.02,1.01,0.88,1.34,,,,,,
SC,H,39,Forrest,1,1,85.94,66232,12.14,4.65,0.5,69.07,16.85,11.39,-0.67,0.38,2.53,-0.2,,,,,,
SC,H,40,White,1,1,69.37,68292,21.22,4.05,0.08,60.33,30.3,8.01,0.5,-0.39,2.57,-0.29,,,,,,
SC,H,41,McDaniel,0,0,61.57,68020,13.42,0.76,1.14,36.93,55.53,2.75,0.38,0.98,1.9,3.22,,,,,,
SC,H,42,Gilliam,1,1,54.05,57494,16,0.88,0.27,67.25,26.34,3.03,0.26,0.24,1.63,0.15,,,,,,
SC,H,43,Ligon,1,1,80.78,70788,10.41,0.97,0.35,70.89,23.65,2.28,0.54,-0.51,0.55,-0.37,,,,,,
SC,H,45,Newton,1,1,45.47,115814,20.61,2.58,2.2,76.26,10.5,6.83,0.79,1.34,3.13,1.3,,,,,,
SC,H,46,Sessions,1,1,2.78,88755,10.28,3.17,1.42,67.82,21.79,6.13,-0.88,0.54,0.74,0.39,,,,,,
SC,H,47,Pope,1,1,62.67,84537,7.61,1.15,0.65,80.76,10.19,5.18,-0.39,-0.14,1.39,0.15,,,,,,
SC,H,48,Guffey,1,1,8.63,114265,13.25,4.01,3.32,68.99,14.84,8.24,1.21,1.63,1.77,2.12,,,,,,
SC,H,49,King,0,0,15.8,67513,6.41,1.19,0.36,43.08,50.05,2.93,0.43,0.28,0.35,0.54,,,,,,
SC,H,50,Wheeler,0,0,87.6,58963,14.99,1.04,0.29,42,52.86,2.17,0.08,0.06,0.7,0.08,,,,,,
SC,H,51,Weeks,0,0,23.38,51462,8.77,2.58,0.54,26.05,63.41,7.17,0.7,-0.01,2.72,0.6,,,,,,
SC,H,52,Connell,1,1,31.37,70828,11.61,1.99,0.3,66.28,25.76,4.48,-0.21,0.06,0.72,0.17,,,,,,
SC,H,55,Hayes,0,0,78.92,52310,9.13,0.84,0,45.53,46.73,1.98,-0.39,-0.05,-0.54,-0.17,,,,,,
SC,H,56,McGinnis,1,1,2.02,75488,10.67,4.27,1.67,77.69,12,5.53,3.07,0.92,3.43,0.92,,,,,,
SC,H,58,Johnson,1,1,59.46,61370,9.89,2.06,0.86,70.42,21.23,4.08,0.22,0.77,0.25,1.5,,,,,,
SC,H,60,Lowe,1,1,73.35,76452,13.19,0.4,0.54,64.78,29.64,2.74,-1.43,-0.2,0,0.44,,,,,,
SC,H,61,Schuessler,1,1,3.11,59515,8.81,0.87,0.62,48.1,46.99,1.6,0.28,0.09,0.08,0.07,,,,,,
SC,H,62,Williams,0,0,57.34,59459,14.37,0.47,0.54,38.24,58.42,1.68,-0.11,0.25,0.72,0.13,,,,,,
SC,H,63,Jordan,1,1,1.25,88047,26.94,0.97,2.04,66.82,25.83,2.63,0.04,0.3,0.8,0.63,,,,,,
SC,H,64,Pedalino,1,1,81.02,61181,15.53,1.41,0.19,43.42,51.27,3.28,0.33,0.13,0.8,0.27,,,,,,
SC,H,65,Mitchell,1,1,77.75,74924,21.34,0.72,0.66,74.08,19.69,2.45,-0.11,0.63,-0.39,0.46,,,,,,
SC,H,66,O'Neal,1,1,0,46611,13.81,0.3,0.32,30.13,65.49,2.31,-0.81,0.19,-0.05,0.3,,,,,,
SC,H,67,Smith,1,1,24.34,77131,21.25,0.36,1.45,62.88,27.38,2.94,-1.31,-0.53,-0.77,-0.43,,,,,,
SC,H,68,Crawford,1,1,6.65,70578,9.06,4.72,0.97,78.62,6.93,8.68,0.83,-1.1,2.13,-1.28,,,,,,
SC,H,69,Wooten,1,1,0.92,94705,12.21,1.21,3.74,75.5,13.51,3.09,-1.57,1.55,-1.59,2.06,,,,,,
SC,H,70,Johnson,0,0,38.95,62289,14.13,1.08,1.12,31.77,59.88,3.18,0.37,0.44,0.81,0.35,,,,,,
SC,H,71,Ballentine,1,1,13.27,122105,11.23,1.03,2.92,74.64,17.36,2.83,0.28,1.83,-0.09,2.36,,,,,,
SC,H,72,Rose,0,0,0.04,63263,6.09,0.78,3.97,60.35,29.3,3.02,-0.22,1.71,0.73,1.15,,,,,,
SC,H,74,Rutherford,0,0,0.08,57929,12.84,1.85,1.12,38.05,56.32,1.66,0.62,-0.15,-0.3,-0.43,,,,,,
SC,H,75,Bauer,0,0,0,121638,24.73,2.84,2.21,69.78,16.32,8.94,0.49,0.51,2.91,0.63,,,,,,
SC,H,77,Garvin,0,0,9.89,82197,5.77,2.17,1.54,27.36,60.58,6.49,0.91,-0.03,3.77,0.2,,,,,,
SC,H,78,Bernstein,0,0,2.45,105371,14.92,2.56,3.45,47.84,34.01,8.85,-2.34,0.53,0.09,1.7,,,,,,
SC,H,79,Thigpen,0,0,0.83,82754,11.06,3.08,2.22,27.16,58.99,8.62,1.03,0.36,4.03,-0.13,,,,,,
SC,H,80,Landing,1,1,1.14,69387,12.07,2.31,0.77,42.01,47.2,5.56,-0.26,-0.56,-1.33,-0.57,,,,,,
SC,H,81,Blackwell,1,1,14.74,91078,19.1,2.05,1.78,70.34,19.8,4.53,0.84,-0.51,1.05,0.18,,,,,,
SC,H,82,Clyburn,0,0,60.26,56906,16.26,4.01,0.27,40.04,51.8,7.16,1.05,0.11,1.93,-0.04,,,,,,
SC,H,83,Hixon,1,1,18.37,86888,14.9,1.66,0.78,77.25,13.95,5.26,-0.68,0.36,-0.38,0.19,,,,,,
SC,H,84,Oremus,1,1,39.73,67952,16.41,2.62,0.59,65.78,23.61,6.58,1.14,0.42,2.08,0.6,,,,,,
SC,H,85,Kilmartin,1,1,13.88,105598,14.56,0.97,2.68,77.51,14.4,3.42,0.04,1.24,0.61,1.19,,,,,,
SC,H,86,Taylor,1,1,97.47,72343,16.42,2.21,0.27,63.41,25.44,6.86,0.44,0,1.8,0.21,,,,,,
SC,H,87,Calhoon,1,1,14.33,108537,11.84,1.71,0.89,84.59,7.05,4.46,0.28,0.07,1.61,0.2,,,,,,
SC,H,88,May,1,1,9.06,72286,9.85,3.58,1.64,71.44,15.4,7.09,0.3,0.62,1.45,0.55,,,,,,
SC,H,90,Bamberg,0,0,62.26,55180,23.15,0.76,0.11,52.04,43.63,2.2,-0.56,0.04,0.56,0.06,,,,,,
SC,H,91,Hosey,0,0,94.66,50817,12.42,0.97,0.04,39.83,56.55,2.4,0.05,-0.18,0.46,0.06,,,,,,
SC,H,92,Cox,1,1,0,96393,20.04,1.19,2.57,67.2,17.84,6.56,-1.3,0.86,1.79,0.18,,,,,,
SC,H,93,Ott,0,0,70.52,61072,17.67,1.33,0.24,48.22,45.57,3.94,0.64,-0.02,2.34,-0.03,,,,,,
SC,H,95,Cobb-Hunter,0,0,89.53,58396,22.68,0.22,0.86,33.53,60.21,3.03,-0.55,-0.65,1.68,-0.79,,,,,,
SC,H,96,McCabe,1,0,57.75,62722,7.89,3.77,0.34,69.12,14.5,10.77,-0.43,0.24,4.55,0.37,,,,,,
SC,H,97,Robbins,1,1,58.11,77642,11.86,2.44,0.64,66.3,24.03,4.65,0.96,0.47,1.39,0.57,,,,,,
SC,H,98,Murphy,1,1,0.1,90834,10.74,2.91,3.97,55.59,26.12,6.21,0.46,2.09,0.26,2.26,,,,,,
SC,H,99,"Smith, M",1,1,2.44,153260,16.01,1.8,1.67,83.25,6.24,5.94,-8.11,-0.67,-8.09,-1.04,,,,,,
SC,H,100,Davis,1,1,39.92,86339,18.88,1.32,1.21,69.12,19.25,4.29,-0.35,0.77,-0.28,0.93,,,,,,
SC,H,101,Kirby,0,0,69.94,54495,10.87,1.39,0.55,36.52,58.86,2.29,0.36,0.31,0.53,0.87,,,,,,
SC,H,102,Jefferson,0,0,61.66,58923,16.26,1.15,0.15,47.54,46.62,2.95,0.33,-0.54,1.69,-0.63,,,,,,
SC,H,103,Anderson,0,0,73.28,60319,6.63,0.52,0.02,44.31,53.71,0.88,-1.91,-0.2,-2.76,-0.3,,,,,,
SC,H,104,Bailey,1,1,14.65,78852,7.56,2.63,1,82.36,9.06,5.09,0.97,0.6,2.27,1.05,,,,,,
SC,H,105,Hardee,1,1,83.12,64674,7.09,1.73,0.62,70.75,20.56,5.47,-1.3,-0.59,0.25,-0.61,,,,,,
SC,H,106,Guest,1,1,0.07,74858,20.77,0.39,1.02,90.63,3.17,2.18,-1.58,0.59,-2.08,0.57,,,,,,
SC,H,107,Brittain,1,1,0.03,76923,10.48,8.09,1.44,68.71,15.11,12.66,-2.29,-0.33,-0.95,-0.21,,,,,,
SC,H,108,Hewitt,1,1,25.05,107546,14.78,2.03,1.09,81.33,12.65,4.25,1.13,0.46,2.34,0.31,,,,,,
SC,H,109,Tedder,0,0,0,62656,13.91,7.77,0.97,33.21,52.46,10.69,4,-0.03,4.83,-0.09,,,,,,
SC,H,110,Hartnett,1,1,0.94,151008,21.64,1.14,1.11,88.11,6.46,1.79,0.35,0.87,0.13,1.09,,,,,,
SC,H,111,Gilliard,0,0,0.02,81394,8.83,1.43,0.6,52.45,41.56,3.37,0,-0.63,0.34,-0.46,,,,,,
SC,H,112,Bustos,1,1,5.02,133027,21.64,1.16,1.66,85.46,7.47,2.24,0.02,0.94,0.39,0.7,,,,,,
SC,H,113,Pendarvis,0,0,0,65479,10.35,6.5,1.25,36.41,46.04,11.35,-0.69,0.83,0.39,1.2,,,,,,
SC,H,114,Brewer,1,1,5.34,101736,17.52,2.01,1.34,74.09,16.92,4.43,0.71,0.11,0.83,0.27,,,,,,
SC,H,115,Wetmore,0,0,15.26,137248,22.88,1.69,1.37,82.95,10.26,3.47,1.25,0.55,2.14,0.49,,,,,,
SC,H,116,Leber,1,1,57.11,91967,20.42,1.58,0.63,58.69,32.31,5.78,-1.08,0.06,1.09,-0.09,,,,,,
SC,H,119,Stavrinakis,0,0,4.06,115002,26.01,1.31,1.66,69.98,22.38,2.8,-1.53,0.15,-1.68,0.38,,,,,,
SC,H,120,Newton,1,1,21.7,99498,23.25,3.86,0.7,74.98,10.96,11.13,2.54,0.51,8.5,0.72,,,,,,
SC,H,121,Rivers,0,0,51.68,63335,5.78,2.86,0.81,35.56,53.42,5.67,1.72,0.54,1.24,-0.06,,,,,,
SC,H,122,Hager,1,1,100,52257,18.19,3.58,0.39,38.38,52.85,6.11,-3.7,0,-5,-0.05,,,,,,
SC,H,123,Bradley,1,1,9.97,135200,22.45,6.6,0.77,77.7,5.65,13.96,-1.73,-0.39,2.8,-0.53,,,,,,
SC,H,124,Erickson,1,1,20.45,96606,23.1,1.9,1.39,69.4,17.88,7.13,-0.56,0.25,1.64,0.84,,,,,,